수준,날짜 및 시간,원본,이벤트 ID,작업 범주
정보,2017-01-28 오후 12:46:16,Microsoft-Windows-Kernel-Power,506,(157),"시스템이 연결된 대기 상태에 들어갑니다. 

이유: 유휴 시간 제한."
정보,2017-01-28 오후 12:48:44,Microsoft-Windows-Kernel-Power,507,(158),"시스템이 연결된 대기 상태를 종료합니다. 

이유: 사용자 입력."
정보,2017-01-28 오후 12:48:50,Microsoft-Windows-Winlogon,7001,(1101),사용자 환경 개선 프로그램용 사용자 로그온 알림
정보,2017-01-28 오후 1:01:14,Microsoft-Windows-Winlogon,7002,(1102),사용자 환경 개선 프로그램용 사용자 로그오프 알림
정보,2017-01-28 오후 1:01:58,Microsoft-Windows-Winlogon,7001,(1101),사용자 환경 개선 프로그램용 사용자 로그온 알림
정보,2017-01-28 오후 1:16:36,Microsoft-Windows-Winlogon,7002,(1102),사용자 환경 개선 프로그램용 사용자 로그오프 알림
정보,2017-01-28 오후 1:16:38,Microsoft-Windows-Kernel-Power,42,(64),"시스템이 절전 모드로 전환하는 중입니다.

절전 모드 전환 이유: 응용 프로그램 API"
정보,2017-01-28 오후 1:16:39,Microsoft-Windows-Kernel-Power,107,(102),시스템이 절전 모드에서 다시 시작되었습니다.
정보,2017-01-28 오후 2:13:53,Microsoft-Windows-Winlogon,7001,(1101),사용자 환경 개선 프로그램용 사용자 로그온 알림
정보,2017-01-28 오후 2:24:08,Microsoft-Windows-Kernel-Power,506,(157),"시스템이 연결된 대기 상태에 들어갑니다. 

이유: 유휴 시간 제한."
정보,2017-01-28 오후 2:38:50,Microsoft-Windows-Kernel-Power,507,(158),"시스템이 연결된 대기 상태를 종료합니다. 

이유: 사용자 입력."
정보,2017-01-28 오후 3:57:35,Microsoft-Windows-Winlogon,7002,(1102),사용자 환경 개선 프로그램용 사용자 로그오프 알림
정보,2017-01-28 오후 3:57:59,Microsoft-Windows-Winlogon,7001,(1101),사용자 환경 개선 프로그램용 사용자 로그온 알림
정보,2017-01-28 오후 4:07:57,Microsoft-Windows-Winlogon,7002,(1102),사용자 환경 개선 프로그램용 사용자 로그오프 알림
정보,2017-01-28 오후 4:09:05,Microsoft-Windows-Winlogon,7001,(1101),사용자 환경 개선 프로그램용 사용자 로그온 알림
정보,2017-01-28 오후 4:58:18,Microsoft-Windows-Winlogon,7002,(1102),사용자 환경 개선 프로그램용 사용자 로그오프 알림
정보,2017-01-28 오후 4:58:20,Microsoft-Windows-Kernel-Power,42,(64),"시스템이 절전 모드로 전환하는 중입니다.

절전 모드 전환 이유: 응용 프로그램 API"
정보,2017-01-28 오후 4:58:21,Microsoft-Windows-Kernel-Power,107,(102),시스템이 절전 모드에서 다시 시작되었습니다.
정보,2017-01-28 오후 5:05:00,Microsoft-Windows-Winlogon,7001,(1101),사용자 환경 개선 프로그램용 사용자 로그온 알림
정보,2017-01-28 오후 5:11:34,Microsoft-Windows-Kernel-Power,506,(157),"시스템이 연결된 대기 상태에 들어갑니다. 

이유: 유휴 시간 제한."
정보,2017-01-28 오후 5:14:56,Microsoft-Windows-Kernel-Power,507,(158),"시스템이 연결된 대기 상태를 종료합니다. 

이유: 사용자 입력."
정보,2017-01-28 오후 5:19:16,Microsoft-Windows-Kernel-Power,506,(157),"시스템이 연결된 대기 상태에 들어갑니다. 

이유: 유휴 시간 제한."
정보,2017-01-28 오후 5:27:58,Microsoft-Windows-Kernel-Power,507,(158),"시스템이 연결된 대기 상태를 종료합니다. 

이유: 전원 단추."
정보,2017-01-28 오후 5:35:40,Microsoft-Windows-Kernel-Power,506,(157),"시스템이 연결된 대기 상태에 들어갑니다. 

이유: 유휴 시간 제한."
정보,2017-01-28 오후 5:38:01,Microsoft-Windows-Kernel-Power,507,(158),"시스템이 연결된 대기 상태를 종료합니다. 

이유: 사용자 입력."
정보,2017-01-28 오후 5:45:15,Microsoft-Windows-Winlogon,7002,(1102),사용자 환경 개선 프로그램용 사용자 로그오프 알림
정보,2017-01-28 오후 5:45:17,Microsoft-Windows-Kernel-Power,42,(64),"시스템이 절전 모드로 전환하는 중입니다.

절전 모드 전환 이유: 응용 프로그램 API"
정보,2017-01-28 오후 5:45:18,Microsoft-Windows-Kernel-Power,107,(102),시스템이 절전 모드에서 다시 시작되었습니다.
정보,2017-01-28 오후 5:47:15,Microsoft-Windows-Winlogon,7001,(1101),사용자 환경 개선 프로그램용 사용자 로그온 알림
정보,2017-01-28 오후 5:52:41,Microsoft-Windows-Winlogon,7002,(1102),사용자 환경 개선 프로그램용 사용자 로그오프 알림
정보,2017-01-28 오후 5:52:43,Microsoft-Windows-Kernel-Power,42,(64),"시스템이 절전 모드로 전환하는 중입니다.

절전 모드 전환 이유: 응용 프로그램 API"
정보,2017-01-28 오후 5:52:43,Microsoft-Windows-Kernel-Power,107,(102),시스템이 절전 모드에서 다시 시작되었습니다.
정보,2017-01-28 오후 5:54:04,Microsoft-Windows-Winlogon,7001,(1101),사용자 환경 개선 프로그램용 사용자 로그온 알림
정보,2017-01-28 오후 9:57:45,Microsoft-Windows-Winlogon,7002,(1102),사용자 환경 개선 프로그램용 사용자 로그오프 알림
정보,2017-01-28 오후 9:58:07,Microsoft-Windows-Winlogon,7001,(1101),사용자 환경 개선 프로그램용 사용자 로그온 알림
정보,2017-01-28 오후 10:44:21,Microsoft-Windows-Winlogon,7002,(1102),사용자 환경 개선 프로그램용 사용자 로그오프 알림
정보,2017-01-28 오후 10:44:22,Microsoft-Windows-Kernel-Power,42,(64),"시스템이 절전 모드로 전환하는 중입니다.

절전 모드 전환 이유: 응용 프로그램 API"
정보,2017-01-28 오후 10:44:24,Microsoft-Windows-Kernel-Power,107,(102),시스템이 절전 모드에서 다시 시작되었습니다.
정보,2017-01-28 오후 10:50:29,Microsoft-Windows-Winlogon,7001,(1101),사용자 환경 개선 프로그램용 사용자 로그온 알림
정보,2017-01-29 오전 8:10:06,Microsoft-Windows-Winlogon,7002,(1102),사용자 환경 개선 프로그램용 사용자 로그오프 알림
정보,2017-01-29 오전 8:10:27,Microsoft-Windows-Winlogon,7001,(1101),사용자 환경 개선 프로그램용 사용자 로그온 알림
정보,2017-01-29 오전 8:37:17,Microsoft-Windows-Winlogon,7002,(1102),사용자 환경 개선 프로그램용 사용자 로그오프 알림
정보,2017-01-29 오전 8:40:35,Microsoft-Windows-Winlogon,7001,(1101),사용자 환경 개선 프로그램용 사용자 로그온 알림
정보,2017-01-29 오전 8:42:56,Microsoft-Windows-Winlogon,7002,(1102),사용자 환경 개선 프로그램용 사용자 로그오프 알림
정보,2017-01-29 오전 8:43:23,Microsoft-Windows-Winlogon,7001,(1101),사용자 환경 개선 프로그램용 사용자 로그온 알림
정보,2017-01-29 오전 8:48:35,Microsoft-Windows-Winlogon,7002,(1102),사용자 환경 개선 프로그램용 사용자 로그오프 알림
정보,2017-01-29 오전 8:48:56,Microsoft-Windows-Winlogon,7001,(1101),사용자 환경 개선 프로그램용 사용자 로그온 알림
정보,2017-01-29 오전 8:50:04,Microsoft-Windows-Winlogon,7002,(1102),사용자 환경 개선 프로그램용 사용자 로그오프 알림
정보,2017-01-29 오전 8:50:06,Microsoft-Windows-Kernel-Power,42,(64),"시스템이 절전 모드로 전환하는 중입니다.

절전 모드 전환 이유: 응용 프로그램 API"
정보,2017-01-29 오전 8:50:07,Microsoft-Windows-Kernel-Power,107,(102),시스템이 절전 모드에서 다시 시작되었습니다.
정보,2017-01-29 오전 8:59:47,Microsoft-Windows-Winlogon,7001,(1101),사용자 환경 개선 프로그램용 사용자 로그온 알림
정보,2017-01-29 오후 1:46:28,Microsoft-Windows-Kernel-Power,506,(157),"시스템이 연결된 대기 상태에 들어갑니다. 

이유: Screen Off Request."
정보,2017-01-29 오후 1:51:26,Microsoft-Windows-Kernel-Power,507,(158),"시스템이 연결된 대기 상태를 종료합니다. 

이유: 사용자 입력."
정보,2017-01-29 오후 1:51:42,Microsoft-Windows-Winlogon,7002,(1102),사용자 환경 개선 프로그램용 사용자 로그오프 알림
정보,2017-01-29 오후 4:21:25,Microsoft-Windows-Winlogon,7001,(1101),사용자 환경 개선 프로그램용 사용자 로그온 알림
정보,2017-01-29 오후 5:02:51,Microsoft-Windows-Kernel-Power,506,(157),"시스템이 연결된 대기 상태에 들어갑니다. 

이유: 전원 단추."
정보,2017-01-29 오후 5:02:53,Microsoft-Windows-Kernel-Power,507,(158),"시스템이 연결된 대기 상태를 종료합니다. 

이유: 전원 단추."
정보,2017-01-29 오후 6:52:59,Microsoft-Windows-Winlogon,7002,(1102),사용자 환경 개선 프로그램용 사용자 로그오프 알림
정보,2017-01-29 오후 6:53:01,Microsoft-Windows-Kernel-Power,42,(64),"시스템이 절전 모드로 전환하는 중입니다.

절전 모드 전환 이유: 응용 프로그램 API"
정보,2017-01-29 오후 6:53:03,Microsoft-Windows-Kernel-Power,107,(102),시스템이 절전 모드에서 다시 시작되었습니다.
정보,2017-01-29 오후 7:56:43,Microsoft-Windows-Winlogon,7001,(1101),사용자 환경 개선 프로그램용 사용자 로그온 알림
정보,2017-01-29 오후 10:13:09,Microsoft-Windows-Winlogon,7002,(1102),사용자 환경 개선 프로그램용 사용자 로그오프 알림
정보,2017-01-29 오후 10:13:11,Microsoft-Windows-Kernel-Power,42,(64),"시스템이 절전 모드로 전환하는 중입니다.

절전 모드 전환 이유: 응용 프로그램 API"
정보,2017-01-29 오후 10:13:12,Microsoft-Windows-Kernel-Power,107,(102),시스템이 절전 모드에서 다시 시작되었습니다.
정보,2017-01-30 오후 2:03:18,Microsoft-Windows-Kernel-Power,506,(157),"시스템이 연결된 대기 상태에 들어갑니다. 

이유: 유휴 시간 제한."
정보,2017-01-30 오후 2:05:58,Microsoft-Windows-Kernel-Power,507,(158),"시스템이 연결된 대기 상태를 종료합니다. 

이유: 전원 단추."
정보,2017-01-30 오후 2:06:41,Microsoft-Windows-Winlogon,7001,(1101),사용자 환경 개선 프로그램용 사용자 로그온 알림
정보,2017-01-30 오후 2:12:37,Microsoft-Windows-Kernel-Power,506,(157),"시스템이 연결된 대기 상태에 들어갑니다. 

이유: 유휴 시간 제한."
정보,2017-01-30 오후 2:17:59,Microsoft-Windows-Kernel-Power,507,(158),"시스템이 연결된 대기 상태를 종료합니다. 

이유: 사용자 입력."
정보,2017-01-30 오후 6:55:01,Microsoft-Windows-Winlogon,7002,(1102),사용자 환경 개선 프로그램용 사용자 로그오프 알림
정보,2017-01-30 오후 6:55:03,Microsoft-Windows-Kernel-Power,42,(64),"시스템이 절전 모드로 전환하는 중입니다.

절전 모드 전환 이유: 응용 프로그램 API"
정보,2017-01-30 오후 6:55:04,Microsoft-Windows-Kernel-Power,107,(102),시스템이 절전 모드에서 다시 시작되었습니다.
정보,2017-01-30 오후 7:18:08,Microsoft-Windows-Winlogon,7001,(1101),사용자 환경 개선 프로그램용 사용자 로그온 알림
정보,2017-01-30 오후 10:57:45,Microsoft-Windows-Winlogon,7002,(1102),사용자 환경 개선 프로그램용 사용자 로그오프 알림
정보,2017-01-30 오후 10:57:46,Microsoft-Windows-Kernel-Power,42,(64),"시스템이 절전 모드로 전환하는 중입니다.

절전 모드 전환 이유: 응용 프로그램 API"
정보,2017-01-30 오후 10:57:47,Microsoft-Windows-Kernel-Power,107,(102),시스템이 절전 모드에서 다시 시작되었습니다.
정보,2017-01-31 오후 12:37:43,Microsoft-Windows-Kernel-Power,506,(157),"시스템이 연결된 대기 상태에 들어갑니다. 

이유: 유휴 시간 제한."
정보,2017-01-31 오후 12:40:02,Microsoft-Windows-Kernel-Power,507,(158),"시스템이 연결된 대기 상태를 종료합니다. 

이유: 전원 단추."
정보,2017-01-31 오후 12:41:13,Microsoft-Windows-Winlogon,7001,(1101),사용자 환경 개선 프로그램용 사용자 로그온 알림
정보,2017-01-31 오후 2:02:59,Microsoft-Windows-Kernel-Power,506,(157),"시스템이 연결된 대기 상태에 들어갑니다. 

이유: 전원 단추."
정보,2017-01-31 오후 2:32:30,Microsoft-Windows-Kernel-Power,507,(158),"시스템이 연결된 대기 상태를 종료합니다. 

이유: 사용자 입력."
정보,2017-01-31 오후 3:02:07,Microsoft-Windows-Winlogon,7002,(1102),사용자 환경 개선 프로그램용 사용자 로그오프 알림
정보,2017-01-31 오후 3:02:09,Microsoft-Windows-Kernel-Power,42,(64),"시스템이 절전 모드로 전환하는 중입니다.

절전 모드 전환 이유: 응용 프로그램 API"
정보,2017-01-31 오후 3:02:10,Microsoft-Windows-Kernel-Power,107,(102),시스템이 절전 모드에서 다시 시작되었습니다.
정보,2017-01-31 오후 3:20:46,Microsoft-Windows-Winlogon,7001,(1101),사용자 환경 개선 프로그램용 사용자 로그온 알림
정보,2017-01-31 오후 3:33:25,Microsoft-Windows-Winlogon,7002,(1102),사용자 환경 개선 프로그램용 사용자 로그오프 알림
정보,2017-01-31 오후 3:33:46,Microsoft-Windows-Winlogon,7001,(1101),사용자 환경 개선 프로그램용 사용자 로그온 알림
정보,2017-01-31 오후 3:34:17,Microsoft-Windows-Winlogon,7002,(1102),사용자 환경 개선 프로그램용 사용자 로그오프 알림
정보,2017-01-31 오후 3:34:18,Microsoft-Windows-Kernel-Power,42,(64),"시스템이 절전 모드로 전환하는 중입니다.

절전 모드 전환 이유: 응용 프로그램 API"
정보,2017-01-31 오후 3:34:19,Microsoft-Windows-Kernel-Power,107,(102),시스템이 절전 모드에서 다시 시작되었습니다.
정보,2017-01-31 오후 4:33:07,Microsoft-Windows-Winlogon,7001,(1101),사용자 환경 개선 프로그램용 사용자 로그온 알림
정보,2017-01-31 오후 4:48:51,Microsoft-Windows-Kernel-Power,506,(157),"시스템이 연결된 대기 상태에 들어갑니다. 

이유: 전원 단추."
정보,2017-01-31 오후 4:48:52,Microsoft-Windows-Kernel-Power,507,(158),"시스템이 연결된 대기 상태를 종료합니다. 

이유: 사용자 입력."
정보,2017-01-31 오후 4:48:57,Microsoft-Windows-Kernel-Power,506,(157),"시스템이 연결된 대기 상태에 들어갑니다. 

이유: 전원 단추."
정보,2017-01-31 오후 4:49:05,Microsoft-Windows-Kernel-Power,507,(158),"시스템이 연결된 대기 상태를 종료합니다. 

이유: 사용자 입력."
정보,2017-01-31 오후 4:49:16,Microsoft-Windows-Kernel-Power,506,(157),"시스템이 연결된 대기 상태에 들어갑니다. 

이유: 전원 단추."
정보,2017-01-31 오후 6:40:02,Microsoft-Windows-Kernel-Power,507,(158),"시스템이 연결된 대기 상태를 종료합니다. 

이유: 전원 단추."
정보,2017-01-31 오후 7:08:32,Microsoft-Windows-Kernel-Power,506,(157),"시스템이 연결된 대기 상태에 들어갑니다. 

이유: 유휴 시간 제한."
정보,2017-01-31 오후 7:29:18,Microsoft-Windows-Kernel-Power,507,(158),"시스템이 연결된 대기 상태를 종료합니다. 

이유: 전원 단추."
정보,2017-01-31 오후 7:41:18,Microsoft-Windows-Kernel-Power,506,(157),"시스템이 연결된 대기 상태에 들어갑니다. 

이유: 유휴 시간 제한."
정보,2017-01-31 오후 7:45:56,Microsoft-Windows-Kernel-Power,507,(158),"시스템이 연결된 대기 상태를 종료합니다. 

이유: 사용자 입력."
정보,2017-01-31 오후 7:50:23,Microsoft-Windows-Kernel-Power,506,(157),"시스템이 연결된 대기 상태에 들어갑니다. 

이유: 유휴 시간 제한."
정보,2017-01-31 오후 7:53:07,Microsoft-Windows-Kernel-Power,507,(158),"시스템이 연결된 대기 상태를 종료합니다. 

이유: 전원 단추."
정보,2017-01-31 오후 8:15:42,Microsoft-Windows-Winlogon,7002,(1102),사용자 환경 개선 프로그램용 사용자 로그오프 알림
정보,2017-01-31 오후 8:15:44,Microsoft-Windows-Kernel-Power,42,(64),"시스템이 절전 모드로 전환하는 중입니다.

절전 모드 전환 이유: 응용 프로그램 API"
정보,2017-01-31 오후 8:15:45,Microsoft-Windows-Kernel-Power,107,(102),시스템이 절전 모드에서 다시 시작되었습니다.
정보,2017-02-01 오후 3:25:01,Microsoft-Windows-Winlogon,7001,(1101),사용자 환경 개선 프로그램용 사용자 로그온 알림
정보,2017-02-01 오후 9:51:48,Microsoft-Windows-Winlogon,7002,(1102),사용자 환경 개선 프로그램용 사용자 로그오프 알림
정보,2017-02-02 오전 10:58:18,Microsoft-Windows-Winlogon,7001,(1101),사용자 환경 개선 프로그램용 사용자 로그온 알림
정보,2017-02-02 오전 11:13:36,Microsoft-Windows-Winlogon,7002,(1102),사용자 환경 개선 프로그램용 사용자 로그오프 알림
정보,2017-02-02 오전 11:13:38,Microsoft-Windows-Kernel-Power,42,(64),"시스템이 절전 모드로 전환하는 중입니다.

절전 모드 전환 이유: 응용 프로그램 API"
정보,2017-02-02 오전 11:13:39,Microsoft-Windows-Kernel-Power,107,(102),시스템이 절전 모드에서 다시 시작되었습니다.
정보,2017-02-02 오전 11:17:58,Microsoft-Windows-Winlogon,7001,(1101),사용자 환경 개선 프로그램용 사용자 로그온 알림
정보,2017-02-02 오전 11:54:48,Microsoft-Windows-Kernel-Power,506,(157),"시스템이 연결된 대기 상태에 들어갑니다. 

이유: 유휴 시간 제한."
정보,2017-02-02 오전 11:58:55,Microsoft-Windows-Kernel-Power,507,(158),"시스템이 연결된 대기 상태를 종료합니다. 

이유: 사용자 입력."
정보,2017-02-02 오후 12:06:27,Microsoft-Windows-Winlogon,7002,(1102),사용자 환경 개선 프로그램용 사용자 로그오프 알림
정보,2017-02-02 오후 12:06:29,Microsoft-Windows-Kernel-Power,42,(64),"시스템이 절전 모드로 전환하는 중입니다.

절전 모드 전환 이유: 응용 프로그램 API"
정보,2017-02-02 오후 12:06:30,Microsoft-Windows-Kernel-Power,107,(102),시스템이 절전 모드에서 다시 시작되었습니다.
정보,2017-02-03 오후 12:48:24,Microsoft-Windows-Winlogon,7001,(1101),사용자 환경 개선 프로그램용 사용자 로그온 알림
정보,2017-02-03 오후 12:50:26,Microsoft-Windows-Winlogon,7002,(1102),사용자 환경 개선 프로그램용 사용자 로그오프 알림
정보,2017-02-03 오후 12:50:28,Microsoft-Windows-Kernel-Power,42,(64),"시스템이 절전 모드로 전환하는 중입니다.

절전 모드 전환 이유: 응용 프로그램 API"
정보,2017-02-03 오후 12:50:29,Microsoft-Windows-Kernel-Power,107,(102),시스템이 절전 모드에서 다시 시작되었습니다.
정보,2017-02-03 오후 1:00:44,Microsoft-Windows-Winlogon,7001,(1101),사용자 환경 개선 프로그램용 사용자 로그온 알림
정보,2017-02-03 오후 1:05:15,Microsoft-Windows-Winlogon,7002,(1102),사용자 환경 개선 프로그램용 사용자 로그오프 알림
정보,2017-02-03 오후 1:05:17,Microsoft-Windows-Kernel-Power,42,(64),"시스템이 절전 모드로 전환하는 중입니다.

절전 모드 전환 이유: 응용 프로그램 API"
정보,2017-02-03 오후 1:05:17,Microsoft-Windows-Kernel-Power,107,(102),시스템이 절전 모드에서 다시 시작되었습니다.
정보,2017-02-03 오후 1:13:25,Microsoft-Windows-Winlogon,7001,(1101),사용자 환경 개선 프로그램용 사용자 로그온 알림
정보,2017-02-03 오후 1:38:38,Microsoft-Windows-Kernel-Power,506,(157),"시스템이 연결된 대기 상태에 들어갑니다. 

이유: 유휴 시간 제한."
정보,2017-02-03 오후 1:39:11,Microsoft-Windows-Kernel-Power,507,(158),"시스템이 연결된 대기 상태를 종료합니다. 

이유: 사용자 입력."
정보,2017-02-03 오후 1:50:31,Microsoft-Windows-Kernel-Power,506,(157),"시스템이 연결된 대기 상태에 들어갑니다. 

이유: 유휴 시간 제한."
정보,2017-02-03 오후 1:50:55,Microsoft-Windows-Kernel-Power,507,(158),"시스템이 연결된 대기 상태를 종료합니다. 

이유: 사용자 입력."
정보,2017-02-03 오후 2:02:14,Microsoft-Windows-Kernel-Power,506,(157),"시스템이 연결된 대기 상태에 들어갑니다. 

이유: 유휴 시간 제한."
정보,2017-02-03 오후 2:02:34,Microsoft-Windows-Kernel-Power,507,(158),"시스템이 연결된 대기 상태를 종료합니다. 

이유: 사용자 입력."
정보,2017-02-03 오후 5:59:00,Microsoft-Windows-Winlogon,7002,(1102),사용자 환경 개선 프로그램용 사용자 로그오프 알림
정보,2017-02-03 오후 5:59:02,Microsoft-Windows-Kernel-Power,42,(64),"시스템이 절전 모드로 전환하는 중입니다.

절전 모드 전환 이유: 응용 프로그램 API"
정보,2017-02-03 오후 5:59:03,Microsoft-Windows-Kernel-Power,107,(102),시스템이 절전 모드에서 다시 시작되었습니다.
정보,2017-02-03 오후 6:12:33,Microsoft-Windows-Winlogon,7001,(1101),사용자 환경 개선 프로그램용 사용자 로그온 알림
정보,2017-02-03 오후 6:16:43,Microsoft-Windows-Winlogon,7002,(1102),사용자 환경 개선 프로그램용 사용자 로그오프 알림
정보,2017-02-03 오후 6:16:44,Microsoft-Windows-Kernel-Power,42,(64),"시스템이 절전 모드로 전환하는 중입니다.

절전 모드 전환 이유: 응용 프로그램 API"
정보,2017-02-03 오후 6:16:45,Microsoft-Windows-Kernel-Power,107,(102),시스템이 절전 모드에서 다시 시작되었습니다.
정보,2017-02-03 오후 6:43:38,Microsoft-Windows-Winlogon,7001,(1101),사용자 환경 개선 프로그램용 사용자 로그온 알림
정보,2017-02-03 오후 9:46:37,Microsoft-Windows-Winlogon,7002,(1102),사용자 환경 개선 프로그램용 사용자 로그오프 알림
정보,2017-02-03 오후 9:46:39,Microsoft-Windows-Kernel-Power,42,(64),"시스템이 절전 모드로 전환하는 중입니다.

절전 모드 전환 이유: 응용 프로그램 API"
정보,2017-02-03 오후 9:46:39,Microsoft-Windows-Kernel-Power,107,(102),시스템이 절전 모드에서 다시 시작되었습니다.
정보,2017-02-03 오후 10:41:29,Microsoft-Windows-Winlogon,7001,(1101),사용자 환경 개선 프로그램용 사용자 로그온 알림
정보,2017-02-04 오전 12:32:38,Microsoft-Windows-Winlogon,7002,(1102),사용자 환경 개선 프로그램용 사용자 로그오프 알림
정보,2017-02-04 오전 12:32:40,Microsoft-Windows-Kernel-Power,42,(64),"시스템이 절전 모드로 전환하는 중입니다.

절전 모드 전환 이유: 응용 프로그램 API"
정보,2017-02-04 오전 12:32:40,Microsoft-Windows-Kernel-Power,107,(102),시스템이 절전 모드에서 다시 시작되었습니다.
정보,2017-02-05 오후 4:28:22,Microsoft-Windows-Kernel-Power,506,(157),"시스템이 연결된 대기 상태에 들어갑니다. 

이유: 유휴 시간 제한."
정보,2017-02-05 오후 4:51:02,Microsoft-Windows-Kernel-Power,507,(158),"시스템이 연결된 대기 상태를 종료합니다. 

이유: 전원 단추."
정보,2017-02-05 오후 4:51:15,Microsoft-Windows-Winlogon,7001,(1101),사용자 환경 개선 프로그램용 사용자 로그온 알림
정보,2017-02-05 오후 7:47:31,Microsoft-Windows-Winlogon,7002,(1102),사용자 환경 개선 프로그램용 사용자 로그오프 알림
정보,2017-02-05 오후 7:47:34,Microsoft-Windows-Kernel-Power,42,(64),"시스템이 절전 모드로 전환하는 중입니다.

절전 모드 전환 이유: 응용 프로그램 API"
정보,2017-02-05 오후 7:47:35,Microsoft-Windows-Kernel-Power,107,(102),시스템이 절전 모드에서 다시 시작되었습니다.
정보,2017-02-05 오후 7:52:34,Microsoft-Windows-Kernel-Power,506,(157),"시스템이 연결된 대기 상태에 들어갑니다. 

이유: 유휴 시간 제한."
정보,2017-02-06 오전 10:40:28,Microsoft-Windows-Kernel-Power,507,(158),"시스템이 연결된 대기 상태를 종료합니다. 

이유: 전원 단추."
정보,2017-02-06 오전 10:40:48,Microsoft-Windows-Winlogon,7001,(1101),사용자 환경 개선 프로그램용 사용자 로그온 알림
정보,2017-02-06 오전 11:55:30,Microsoft-Windows-Kernel-Power,506,(157),"시스템이 연결된 대기 상태에 들어갑니다. 

이유: 유휴 시간 제한."
정보,2017-02-06 오전 11:57:37,Microsoft-Windows-Kernel-Power,507,(158),"시스템이 연결된 대기 상태를 종료합니다. 

이유: 사용자 입력."
정보,2017-02-06 오후 2:54:29,Microsoft-Windows-Winlogon,7002,(1102),사용자 환경 개선 프로그램용 사용자 로그오프 알림
정보,2017-02-06 오후 2:54:31,Microsoft-Windows-Kernel-Power,42,(64),"시스템이 절전 모드로 전환하는 중입니다.

절전 모드 전환 이유: 응용 프로그램 API"
정보,2017-02-06 오후 2:54:32,Microsoft-Windows-Kernel-Power,107,(102),시스템이 절전 모드에서 다시 시작되었습니다.
정보,2017-02-06 오후 3:18:21,Microsoft-Windows-Winlogon,7001,(1101),사용자 환경 개선 프로그램용 사용자 로그온 알림
정보,2017-02-06 오후 3:45:30,Microsoft-Windows-Winlogon,7002,(1102),사용자 환경 개선 프로그램용 사용자 로그오프 알림
정보,2017-02-06 오후 3:48:06,Microsoft-Windows-Winlogon,7001,(1101),사용자 환경 개선 프로그램용 사용자 로그온 알림
정보,2017-02-06 오후 4:25:15,Microsoft-Windows-Kernel-Power,506,(157),"시스템이 연결된 대기 상태에 들어갑니다. 

이유: 유휴 시간 제한."
정보,2017-02-06 오후 4:26:52,Microsoft-Windows-Kernel-Power,507,(158),"시스템이 연결된 대기 상태를 종료합니다. 

이유: 사용자 입력."
정보,2017-02-06 오후 6:54:51,Microsoft-Windows-Winlogon,7002,(1102),사용자 환경 개선 프로그램용 사용자 로그오프 알림
정보,2017-02-06 오후 6:54:52,Microsoft-Windows-Kernel-Power,42,(64),"시스템이 절전 모드로 전환하는 중입니다.

절전 모드 전환 이유: 응용 프로그램 API"
정보,2017-02-06 오후 6:54:54,Microsoft-Windows-Kernel-Power,107,(102),시스템이 절전 모드에서 다시 시작되었습니다.
정보,2017-02-06 오후 7:45:48,Microsoft-Windows-Winlogon,7001,(1101),사용자 환경 개선 프로그램용 사용자 로그온 알림
정보,2017-02-06 오후 8:12:10,Microsoft-Windows-Winlogon,7002,(1102),사용자 환경 개선 프로그램용 사용자 로그오프 알림
정보,2017-02-06 오후 8:12:12,Microsoft-Windows-Kernel-Power,42,(64),"시스템이 절전 모드로 전환하는 중입니다.

절전 모드 전환 이유: 응용 프로그램 API"
정보,2017-02-06 오후 8:12:13,Microsoft-Windows-Kernel-Power,107,(102),시스템이 절전 모드에서 다시 시작되었습니다.
정보,2017-02-06 오후 8:18:05,Microsoft-Windows-Winlogon,7001,(1101),사용자 환경 개선 프로그램용 사용자 로그온 알림
정보,2017-02-06 오후 10:02:06,Microsoft-Windows-Winlogon,7002,(1102),사용자 환경 개선 프로그램용 사용자 로그오프 알림
정보,2017-02-06 오후 10:02:08,Microsoft-Windows-Kernel-Power,42,(64),"시스템이 절전 모드로 전환하는 중입니다.

절전 모드 전환 이유: 응용 프로그램 API"
정보,2017-02-06 오후 10:02:09,Microsoft-Windows-Kernel-Power,107,(102),시스템이 절전 모드에서 다시 시작되었습니다.
정보,2017-02-06 오후 10:04:40,Microsoft-Windows-Kernel-Power,42,(64),"시스템이 절전 모드로 전환하는 중입니다.

절전 모드 전환 이유: 응용 프로그램 API"
정보,2017-02-06 오후 10:04:41,Microsoft-Windows-Kernel-Power,107,(102),시스템이 절전 모드에서 다시 시작되었습니다.
정보,2017-02-07 오후 4:53:47,Microsoft-Windows-Winlogon,7001,(1101),사용자 환경 개선 프로그램용 사용자 로그온 알림
정보,2017-02-07 오후 5:01:46,Microsoft-Windows-Winlogon,7002,(1102),사용자 환경 개선 프로그램용 사용자 로그오프 알림
정보,2017-02-07 오후 5:01:49,Microsoft-Windows-Kernel-Power,42,(64),"시스템이 절전 모드로 전환하는 중입니다.

절전 모드 전환 이유: 응용 프로그램 API"
정보,2017-02-07 오후 5:01:50,Microsoft-Windows-Kernel-Power,107,(102),시스템이 절전 모드에서 다시 시작되었습니다.
정보,2017-02-07 오후 5:15:47,Microsoft-Windows-Winlogon,7001,(1101),사용자 환경 개선 프로그램용 사용자 로그온 알림
정보,2017-02-07 오후 8:32:16,Microsoft-Windows-Kernel-Power,506,(157),"시스템이 연결된 대기 상태에 들어갑니다. 

이유: Screen Off Request."
정보,2017-02-07 오후 9:46:00,Microsoft-Windows-Kernel-Power,507,(158),"시스템이 연결된 대기 상태를 종료합니다. 

이유: 전원 단추."
정보,2017-02-07 오후 9:46:25,Microsoft-Windows-Winlogon,7002,(1102),사용자 환경 개선 프로그램용 사용자 로그오프 알림
정보,2017-02-07 오후 9:46:29,Microsoft-Windows-Kernel-Power,42,(64),"시스템이 절전 모드로 전환하는 중입니다.

절전 모드 전환 이유: 응용 프로그램 API"
정보,2017-02-07 오후 9:46:31,Microsoft-Windows-Kernel-Power,107,(102),시스템이 절전 모드에서 다시 시작되었습니다.
정보,2017-02-07 오후 9:49:56,Microsoft-Windows-Winlogon,7001,(1101),사용자 환경 개선 프로그램용 사용자 로그온 알림
정보,2017-02-07 오후 10:06:41,Microsoft-Windows-Kernel-Power,506,(157),"시스템이 연결된 대기 상태에 들어갑니다. 

이유: 유휴 시간 제한."
정보,2017-02-07 오후 10:07:08,Microsoft-Windows-Kernel-Power,507,(158),"시스템이 연결된 대기 상태를 종료합니다. 

이유: 전원 단추."
정보,2017-02-07 오후 11:32:03,Microsoft-Windows-Kernel-Power,506,(157),"시스템이 연결된 대기 상태에 들어갑니다. 

이유: 유휴 시간 제한."
정보,2017-02-07 오후 11:33:58,Microsoft-Windows-Kernel-Power,507,(158),"시스템이 연결된 대기 상태를 종료합니다. 

이유: 사용자 입력."
정보,2017-02-08 오전 12:02:33,Microsoft-Windows-Winlogon,7002,(1102),사용자 환경 개선 프로그램용 사용자 로그오프 알림
정보,2017-02-08 오전 12:02:36,Microsoft-Windows-Kernel-Power,42,(64),"시스템이 절전 모드로 전환하는 중입니다.

절전 모드 전환 이유: 응용 프로그램 API"
정보,2017-02-08 오전 12:02:37,Microsoft-Windows-Kernel-Power,107,(102),시스템이 절전 모드에서 다시 시작되었습니다.
정보,2017-02-08 오전 12:28:51,Microsoft-Windows-Winlogon,7001,(1101),사용자 환경 개선 프로그램용 사용자 로그온 알림
정보,2017-02-08 오전 2:52:29,Microsoft-Windows-Winlogon,7002,(1102),사용자 환경 개선 프로그램용 사용자 로그오프 알림
정보,2017-02-08 오전 2:52:31,Microsoft-Windows-Kernel-Power,42,(64),"시스템이 절전 모드로 전환하는 중입니다.

절전 모드 전환 이유: 응용 프로그램 API"
정보,2017-02-08 오전 2:52:32,Microsoft-Windows-Kernel-Power,107,(102),시스템이 절전 모드에서 다시 시작되었습니다.
정보,2017-02-08 오후 2:44:51,Microsoft-Windows-Winlogon,7001,(1101),사용자 환경 개선 프로그램용 사용자 로그온 알림
정보,2017-02-08 오후 2:50:47,Microsoft-Windows-Kernel-Power,506,(157),"시스템이 연결된 대기 상태에 들어갑니다. 

이유: 유휴 시간 제한."
정보,2017-02-08 오후 3:16:54,Microsoft-Windows-Kernel-Power,507,(158),"시스템이 연결된 대기 상태를 종료합니다. 

이유: 전원 단추."
정보,2017-02-08 오후 3:17:24,Microsoft-Windows-Kernel-Power,506,(157),"시스템이 연결된 대기 상태에 들어갑니다. 

이유: 유휴 시간 제한."
정보,2017-02-08 오후 3:30:55,Microsoft-Windows-Kernel-Power,507,(158),"시스템이 연결된 대기 상태를 종료합니다. 

이유: 전원 단추."
정보,2017-02-08 오후 3:35:55,Microsoft-Windows-Kernel-Power,506,(157),"시스템이 연결된 대기 상태에 들어갑니다. 

이유: 유휴 시간 제한."
정보,2017-02-08 오후 3:39:27,Microsoft-Windows-Kernel-Power,507,(158),"시스템이 연결된 대기 상태를 종료합니다. 

이유: 사용자 입력."
정보,2017-02-08 오후 3:43:28,Microsoft-Windows-Kernel-Power,506,(157),"시스템이 연결된 대기 상태에 들어갑니다. 

이유: 유휴 시간 제한."
정보,2017-02-08 오후 3:55:49,Microsoft-Windows-Kernel-Power,507,(158),"시스템이 연결된 대기 상태를 종료합니다. 

이유: 사용자 입력."
정보,2017-02-09 오전 1:20:51,Microsoft-Windows-Winlogon,7002,(1102),사용자 환경 개선 프로그램용 사용자 로그오프 알림
정보,2017-02-09 오전 1:20:53,Microsoft-Windows-Kernel-Power,42,(64),"시스템이 절전 모드로 전환하는 중입니다.

절전 모드 전환 이유: 응용 프로그램 API"
정보,2017-02-09 오전 1:20:54,Microsoft-Windows-Kernel-Power,107,(102),시스템이 절전 모드에서 다시 시작되었습니다.
정보,2017-02-09 오전 9:35:57,Microsoft-Windows-Kernel-Power,506,(157),"시스템이 연결된 대기 상태에 들어갑니다. 

이유: 유휴 시간 제한."
정보,2017-02-09 오후 12:24:19,Microsoft-Windows-Kernel-Power,507,(158),"시스템이 연결된 대기 상태를 종료합니다. 

이유: 전원 단추."
정보,2017-02-09 오후 12:24:52,Microsoft-Windows-Winlogon,7001,(1101),사용자 환경 개선 프로그램용 사용자 로그온 알림
정보,2017-02-09 오후 1:04:25,Microsoft-Windows-Kernel-Power,506,(157),"시스템이 연결된 대기 상태에 들어갑니다. 

이유: 유휴 시간 제한."
정보,2017-02-09 오후 1:18:21,Microsoft-Windows-Kernel-Power,507,(158),"시스템이 연결된 대기 상태를 종료합니다. 

이유: 사용자 입력."
정보,2017-02-09 오후 1:50:13,Microsoft-Windows-Kernel-Power,506,(157),"시스템이 연결된 대기 상태에 들어갑니다. 

이유: 유휴 시간 제한."
정보,2017-02-09 오후 2:01:28,Microsoft-Windows-Kernel-Power,507,(158),"시스템이 연결된 대기 상태를 종료합니다. 

이유: 사용자 입력."
정보,2017-02-09 오후 2:12:27,Microsoft-Windows-Kernel-Power,506,(157),"시스템이 연결된 대기 상태에 들어갑니다. 

이유: 유휴 시간 제한."
정보,2017-02-09 오후 2:12:53,Microsoft-Windows-Kernel-Power,507,(158),"시스템이 연결된 대기 상태를 종료합니다. 

이유: 사용자 입력."
정보,2017-02-09 오후 2:34:25,Microsoft-Windows-Kernel-Power,506,(157),"시스템이 연결된 대기 상태에 들어갑니다. 

이유: 유휴 시간 제한."
정보,2017-02-09 오후 2:46:13,Microsoft-Windows-Kernel-Power,507,(158),"시스템이 연결된 대기 상태를 종료합니다. 

이유: 사용자 입력."
정보,2017-02-09 오후 4:33:22,Microsoft-Windows-Winlogon,7002,(1102),사용자 환경 개선 프로그램용 사용자 로그오프 알림
정보,2017-02-09 오후 4:48:33,Microsoft-Windows-Winlogon,7001,(1101),사용자 환경 개선 프로그램용 사용자 로그온 알림
정보,2017-02-09 오후 6:06:50,Microsoft-Windows-Winlogon,7002,(1102),사용자 환경 개선 프로그램용 사용자 로그오프 알림
정보,2017-02-09 오후 6:06:51,Microsoft-Windows-Kernel-Power,42,(64),"시스템이 절전 모드로 전환하는 중입니다.

절전 모드 전환 이유: 응용 프로그램 API"
정보,2017-02-09 오후 6:06:53,Microsoft-Windows-Kernel-Power,107,(102),시스템이 절전 모드에서 다시 시작되었습니다.
정보,2017-02-10 오후 12:27:21,Microsoft-Windows-Winlogon,7001,(1101),사용자 환경 개선 프로그램용 사용자 로그온 알림
정보,2017-02-10 오후 2:44:44,Microsoft-Windows-Winlogon,7002,(1102),사용자 환경 개선 프로그램용 사용자 로그오프 알림
정보,2017-02-10 오후 2:51:39,Microsoft-Windows-Winlogon,7001,(1101),사용자 환경 개선 프로그램용 사용자 로그온 알림
정보,2017-02-10 오후 3:13:21,Microsoft-Windows-Kernel-Power,506,(157),"시스템이 연결된 대기 상태에 들어갑니다. 

이유: 유휴 시간 제한."
정보,2017-02-10 오후 3:14:13,Microsoft-Windows-Kernel-Power,507,(158),"시스템이 연결된 대기 상태를 종료합니다. 

이유: 전원 단추."
정보,2017-02-10 오후 3:24:31,Microsoft-Windows-Kernel-Power,506,(157),"시스템이 연결된 대기 상태에 들어갑니다. 

이유: 유휴 시간 제한."
정보,2017-02-10 오후 3:32:32,Microsoft-Windows-Kernel-Power,507,(158),"시스템이 연결된 대기 상태를 종료합니다. 

이유: 사용자 입력."
정보,2017-02-10 오후 5:15:30,Microsoft-Windows-Kernel-Power,506,(157),"시스템이 연결된 대기 상태에 들어갑니다. 

이유: 전원 단추."
정보,2017-02-10 오후 5:15:42,Microsoft-Windows-Kernel-Power,507,(158),"시스템이 연결된 대기 상태를 종료합니다. 

이유: 사용자 입력."
정보,2017-02-10 오후 5:16:32,Microsoft-Windows-Kernel-Power,506,(157),"시스템이 연결된 대기 상태에 들어갑니다. 

이유: 전원 단추."
정보,2017-02-10 오후 5:16:44,Microsoft-Windows-Kernel-Power,507,(158),"시스템이 연결된 대기 상태를 종료합니다. 

이유: 사용자 입력."
정보,2017-02-10 오후 5:16:48,Microsoft-Windows-Kernel-Power,506,(157),"시스템이 연결된 대기 상태에 들어갑니다. 

이유: 전원 단추."
정보,2017-02-10 오후 5:24:44,Microsoft-Windows-Kernel-Power,507,(158),"시스템이 연결된 대기 상태를 종료합니다. 

이유: 전원 단추."
정보,2017-02-10 오후 6:46:52,Microsoft-Windows-Winlogon,7002,(1102),사용자 환경 개선 프로그램용 사용자 로그오프 알림
정보,2017-02-10 오후 7:15:51,Microsoft-Windows-Winlogon,7001,(1101),사용자 환경 개선 프로그램용 사용자 로그온 알림
정보,2017-02-10 오후 8:31:49,Microsoft-Windows-Kernel-Power,506,(157),"시스템이 연결된 대기 상태에 들어갑니다. 

이유: 유휴 시간 제한."
정보,2017-02-10 오후 8:31:52,Microsoft-Windows-Kernel-Power,507,(158),"시스템이 연결된 대기 상태를 종료합니다. 

이유: 전원 단추."
정보,2017-02-10 오후 8:31:54,Microsoft-Windows-Kernel-Power,506,(157),"시스템이 연결된 대기 상태에 들어갑니다. 

이유: 전원 단추."
정보,2017-02-10 오후 8:35:25,Microsoft-Windows-Kernel-Power,507,(158),"시스템이 연결된 대기 상태를 종료합니다. 

이유: 전원 단추."
정보,2017-02-10 오후 8:50:21,Microsoft-Windows-Kernel-Power,506,(157),"시스템이 연결된 대기 상태에 들어갑니다. 

이유: 유휴 시간 제한."
정보,2017-02-10 오후 8:57:30,Microsoft-Windows-Kernel-Power,507,(158),"시스템이 연결된 대기 상태를 종료합니다. 

이유: 사용자 입력."
정보,2017-02-10 오후 10:05:29,Microsoft-Windows-Winlogon,7002,(1102),사용자 환경 개선 프로그램용 사용자 로그오프 알림
정보,2017-02-10 오후 10:05:30,Microsoft-Windows-Kernel-Power,42,(64),"시스템이 절전 모드로 전환하는 중입니다.

절전 모드 전환 이유: 응용 프로그램 API"
정보,2017-02-10 오후 10:05:31,Microsoft-Windows-Kernel-Power,107,(102),시스템이 절전 모드에서 다시 시작되었습니다.
정보,2017-02-11 오전 11:49:28,Microsoft-Windows-Winlogon,7001,(1101),사용자 환경 개선 프로그램용 사용자 로그온 알림
정보,2017-02-11 오전 11:53:41,Microsoft-Windows-Winlogon,7002,(1102),사용자 환경 개선 프로그램용 사용자 로그오프 알림
정보,2017-02-11 오전 11:53:44,Microsoft-Windows-Kernel-Power,42,(64),"시스템이 절전 모드로 전환하는 중입니다.

절전 모드 전환 이유: 응용 프로그램 API"
정보,2017-02-11 오전 11:53:45,Microsoft-Windows-Kernel-Power,107,(102),시스템이 절전 모드에서 다시 시작되었습니다.
정보,2017-02-11 오전 11:54:45,Microsoft-Windows-Winlogon,7001,(1101),사용자 환경 개선 프로그램용 사용자 로그온 알림
정보,2017-02-11 오후 12:50:45,Microsoft-Windows-Winlogon,7002,(1102),사용자 환경 개선 프로그램용 사용자 로그오프 알림
정보,2017-02-11 오후 12:50:48,Microsoft-Windows-Kernel-Power,42,(64),"시스템이 절전 모드로 전환하는 중입니다.

절전 모드 전환 이유: 응용 프로그램 API"
정보,2017-02-11 오후 12:50:49,Microsoft-Windows-Kernel-Power,107,(102),시스템이 절전 모드에서 다시 시작되었습니다.
정보,2017-02-11 오후 12:51:36,Microsoft-Windows-Winlogon,7001,(1101),사용자 환경 개선 프로그램용 사용자 로그온 알림
정보,2017-02-11 오후 12:53:38,Microsoft-Windows-Winlogon,7002,(1102),사용자 환경 개선 프로그램용 사용자 로그오프 알림
정보,2017-02-11 오후 12:54:02,Microsoft-Windows-Winlogon,7001,(1101),사용자 환경 개선 프로그램용 사용자 로그온 알림
정보,2017-02-11 오후 12:54:54,Microsoft-Windows-Winlogon,7002,(1102),사용자 환경 개선 프로그램용 사용자 로그오프 알림
정보,2017-02-11 오후 12:55:29,Microsoft-Windows-Winlogon,7001,(1101),사용자 환경 개선 프로그램용 사용자 로그온 알림
정보,2017-02-11 오후 3:08:07,Microsoft-Windows-Winlogon,7002,(1102),사용자 환경 개선 프로그램용 사용자 로그오프 알림
정보,2017-02-11 오후 3:08:41,Microsoft-Windows-Winlogon,7001,(1101),사용자 환경 개선 프로그램용 사용자 로그온 알림
정보,2017-02-11 오후 3:48:57,Microsoft-Windows-Winlogon,7002,(1102),사용자 환경 개선 프로그램용 사용자 로그오프 알림
정보,2017-02-11 오후 3:48:58,Microsoft-Windows-Kernel-Power,42,(64),"시스템이 절전 모드로 전환하는 중입니다.

절전 모드 전환 이유: 응용 프로그램 API"
정보,2017-02-11 오후 3:49:00,Microsoft-Windows-Kernel-Power,107,(102),시스템이 절전 모드에서 다시 시작되었습니다.
정보,2017-02-11 오후 5:31:51,Microsoft-Windows-Winlogon,7001,(1101),사용자 환경 개선 프로그램용 사용자 로그온 알림
정보,2017-02-11 오후 5:43:45,Microsoft-Windows-Winlogon,7002,(1102),사용자 환경 개선 프로그램용 사용자 로그오프 알림
정보,2017-02-11 오후 5:43:47,Microsoft-Windows-Kernel-Power,42,(64),"시스템이 절전 모드로 전환하는 중입니다.

절전 모드 전환 이유: 응용 프로그램 API"
정보,2017-02-11 오후 5:43:48,Microsoft-Windows-Kernel-Power,107,(102),시스템이 절전 모드에서 다시 시작되었습니다.
정보,2017-02-11 오후 8:20:44,Microsoft-Windows-Winlogon,7001,(1101),사용자 환경 개선 프로그램용 사용자 로그온 알림
정보,2017-02-11 오후 8:58:47,Microsoft-Windows-Kernel-Power,506,(157),"시스템이 연결된 대기 상태에 들어갑니다. 

이유: 유휴 시간 제한."
정보,2017-02-11 오후 9:07:36,Microsoft-Windows-Kernel-Power,507,(158),"시스템이 연결된 대기 상태를 종료합니다. 

이유: 사용자 입력."
정보,2017-02-11 오후 9:12:23,Microsoft-Windows-Kernel-Power,506,(157),"시스템이 연결된 대기 상태에 들어갑니다. 

이유: 유휴 시간 제한."
정보,2017-02-11 오후 9:13:23,Microsoft-Windows-Kernel-Power,507,(158),"시스템이 연결된 대기 상태를 종료합니다. 

이유: 사용자 입력."
정보,2017-02-11 오후 9:13:37,Microsoft-Windows-Kernel-Power,506,(157),"시스템이 연결된 대기 상태에 들어갑니다. 

이유: Screen Off Request."
정보,2017-02-11 오후 9:13:38,Microsoft-Windows-Kernel-Power,507,(158),"시스템이 연결된 대기 상태를 종료합니다. 

이유: 사용자 입력."
정보,2017-02-11 오후 9:14:43,Microsoft-Windows-Winlogon,7002,(1102),사용자 환경 개선 프로그램용 사용자 로그오프 알림
정보,2017-02-11 오후 9:14:45,Microsoft-Windows-Kernel-Power,42,(64),"시스템이 절전 모드로 전환하는 중입니다.

절전 모드 전환 이유: 응용 프로그램 API"
정보,2017-02-11 오후 9:14:47,Microsoft-Windows-Kernel-Power,107,(102),시스템이 절전 모드에서 다시 시작되었습니다.
정보,2017-02-12 오전 9:59:25,Microsoft-Windows-Winlogon,7001,(1101),사용자 환경 개선 프로그램용 사용자 로그온 알림
정보,2017-02-12 오전 10:16:43,Microsoft-Windows-Winlogon,7002,(1102),사용자 환경 개선 프로그램용 사용자 로그오프 알림
정보,2017-02-12 오전 10:16:45,Microsoft-Windows-Kernel-Power,42,(64),"시스템이 절전 모드로 전환하는 중입니다.

절전 모드 전환 이유: 응용 프로그램 API"
정보,2017-02-12 오전 10:16:46,Microsoft-Windows-Kernel-Power,107,(102),시스템이 절전 모드에서 다시 시작되었습니다.
정보,2017-02-13 오전 8:26:55,Microsoft-Windows-Winlogon,7001,(1101),사용자 환경 개선 프로그램용 사용자 로그온 알림
정보,2017-02-13 오전 8:27:40,Microsoft-Windows-Winlogon,7002,(1102),사용자 환경 개선 프로그램용 사용자 로그오프 알림
정보,2017-02-13 오전 8:27:42,Microsoft-Windows-Kernel-Power,42,(64),"시스템이 절전 모드로 전환하는 중입니다.

절전 모드 전환 이유: 응용 프로그램 API"
정보,2017-02-13 오전 8:27:43,Microsoft-Windows-Kernel-Power,107,(102),시스템이 절전 모드에서 다시 시작되었습니다.
정보,2017-02-13 오후 4:34:03,Microsoft-Windows-Winlogon,7001,(1101),사용자 환경 개선 프로그램용 사용자 로그온 알림
정보,2017-02-13 오후 6:29:55,Microsoft-Windows-Winlogon,7002,(1102),사용자 환경 개선 프로그램용 사용자 로그오프 알림
정보,2017-02-13 오후 6:30:18,Microsoft-Windows-Winlogon,7001,(1101),사용자 환경 개선 프로그램용 사용자 로그온 알림
정보,2017-02-14 오전 12:36:23,Microsoft-Windows-Kernel-Power,506,(157),"시스템이 연결된 대기 상태에 들어갑니다. 

이유: 유휴 시간 제한."
정보,2017-02-14 오전 1:02:52,Microsoft-Windows-Kernel-Power,507,(158),"시스템이 연결된 대기 상태를 종료합니다. 

이유: 사용자 입력."
정보,2017-02-14 오전 1:03:22,Microsoft-Windows-Kernel-Power,506,(157),"시스템이 연결된 대기 상태에 들어갑니다. 

이유: 유휴 시간 제한."
정보,2017-02-14 오전 1:30:16,Microsoft-Windows-Kernel-Power,507,(158),"시스템이 연결된 대기 상태를 종료합니다. 

이유: 사용자 입력."
정보,2017-02-14 오전 1:30:46,Microsoft-Windows-Kernel-Power,506,(157),"시스템이 연결된 대기 상태에 들어갑니다. 

이유: 유휴 시간 제한."
정보,2017-02-14 오전 1:39:44,Microsoft-Windows-Kernel-Power,507,(158),"시스템이 연결된 대기 상태를 종료합니다. 

이유: 사용자 입력."
정보,2017-02-14 오전 1:40:14,Microsoft-Windows-Kernel-Power,506,(157),"시스템이 연결된 대기 상태에 들어갑니다. 

이유: 유휴 시간 제한."
정보,2017-02-14 오전 2:07:44,Microsoft-Windows-Kernel-Power,507,(158),"시스템이 연결된 대기 상태를 종료합니다. 

이유: 사용자 입력."
정보,2017-02-14 오전 2:08:45,Microsoft-Windows-Kernel-Power,506,(157),"시스템이 연결된 대기 상태에 들어갑니다. 

이유: 유휴 시간 제한."
정보,2017-02-14 오전 2:11:13,Microsoft-Windows-Kernel-Power,507,(158),"시스템이 연결된 대기 상태를 종료합니다. 

이유: 사용자 입력."
정보,2017-02-14 오전 2:12:24,Microsoft-Windows-Kernel-Power,506,(157),"시스템이 연결된 대기 상태에 들어갑니다. 

이유: 유휴 시간 제한."
정보,2017-02-14 오전 2:13:53,Microsoft-Windows-Kernel-Power,507,(158),"시스템이 연결된 대기 상태를 종료합니다. 

이유: 사용자 입력."
정보,2017-02-14 오전 2:14:26,Microsoft-Windows-Kernel-Power,506,(157),"시스템이 연결된 대기 상태에 들어갑니다. 

이유: 유휴 시간 제한."
정보,2017-02-14 오전 2:17:22,Microsoft-Windows-Kernel-Power,507,(158),"시스템이 연결된 대기 상태를 종료합니다. 

이유: 전원 단추."
정보,2017-02-14 오전 3:26:52,Microsoft-Windows-Kernel-Power,506,(157),"시스템이 연결된 대기 상태에 들어갑니다. 

이유: 전원 단추."
정보,2017-02-14 오전 5:06:39,Microsoft-Windows-Kernel-Power,507,(158),"시스템이 연결된 대기 상태를 종료합니다. 

이유: 사용자 입력."
정보,2017-02-14 오전 5:06:44,Microsoft-Windows-Kernel-Power,506,(157),"시스템이 연결된 대기 상태에 들어갑니다. 

이유: 전원 단추."
정보,2017-02-14 오전 9:48:32,Microsoft-Windows-Kernel-Power,507,(158),"시스템이 연결된 대기 상태를 종료합니다. 

이유: 사용자 입력."
정보,2017-02-14 오전 9:49:02,Microsoft-Windows-Kernel-Power,506,(157),"시스템이 연결된 대기 상태에 들어갑니다. 

이유: 유휴 시간 제한."
정보,2017-02-14 오전 9:49:19,Microsoft-Windows-Kernel-Power,507,(158),"시스템이 연결된 대기 상태를 종료합니다. 

이유: 전원 단추."
정보,2017-02-14 오후 1:32:03,Microsoft-Windows-Winlogon,7002,(1102),사용자 환경 개선 프로그램용 사용자 로그오프 알림
정보,2017-02-14 오후 1:32:05,Microsoft-Windows-Kernel-Power,42,(64),"시스템이 절전 모드로 전환하는 중입니다.

절전 모드 전환 이유: 응용 프로그램 API"
정보,2017-02-14 오후 1:32:07,Microsoft-Windows-Kernel-Power,107,(102),시스템이 절전 모드에서 다시 시작되었습니다.
정보,2017-02-14 오후 10:13:10,Microsoft-Windows-Winlogon,7001,(1101),사용자 환경 개선 프로그램용 사용자 로그온 알림
정보,2017-02-14 오후 11:08:03,Microsoft-Windows-Winlogon,7002,(1102),사용자 환경 개선 프로그램용 사용자 로그오프 알림
정보,2017-02-14 오후 11:08:29,Microsoft-Windows-Winlogon,7001,(1101),사용자 환경 개선 프로그램용 사용자 로그온 알림
정보,2017-02-15 오전 12:16:29,Microsoft-Windows-Winlogon,7002,(1102),사용자 환경 개선 프로그램용 사용자 로그오프 알림
정보,2017-02-15 오전 12:16:31,Microsoft-Windows-Kernel-Power,42,(64),"시스템이 절전 모드로 전환하는 중입니다.

절전 모드 전환 이유: 응용 프로그램 API"
정보,2017-02-15 오전 12:16:32,Microsoft-Windows-Kernel-Power,107,(102),시스템이 절전 모드에서 다시 시작되었습니다.
정보,2017-02-15 오후 7:59:13,Microsoft-Windows-Winlogon,7001,(1101),사용자 환경 개선 프로그램용 사용자 로그온 알림
정보,2017-02-15 오후 8:11:07,Microsoft-Windows-Kernel-Power,506,(157),"시스템이 연결된 대기 상태에 들어갑니다. 

이유: 유휴 시간 제한."
정보,2017-02-15 오후 8:14:25,Microsoft-Windows-Kernel-Power,507,(158),"시스템이 연결된 대기 상태를 종료합니다. 

이유: 사용자 입력."
정보,2017-02-15 오후 8:24:17,Microsoft-Windows-Kernel-Power,506,(157),"시스템이 연결된 대기 상태에 들어갑니다. 

이유: 유휴 시간 제한."
정보,2017-02-15 오후 8:25:05,Microsoft-Windows-Kernel-Power,507,(158),"시스템이 연결된 대기 상태를 종료합니다. 

이유: 사용자 입력."
정보,2017-02-15 오후 8:29:07,Microsoft-Windows-Kernel-Power,506,(157),"시스템이 연결된 대기 상태에 들어갑니다. 

이유: 유휴 시간 제한."
정보,2017-02-15 오후 8:29:10,Microsoft-Windows-Kernel-Power,507,(158),"시스템이 연결된 대기 상태를 종료합니다. 

이유: 사용자 입력."
정보,2017-02-15 오후 8:39:57,Microsoft-Windows-Kernel-Power,506,(157),"시스템이 연결된 대기 상태에 들어갑니다. 

이유: 유휴 시간 제한."
정보,2017-02-15 오후 8:48:42,Microsoft-Windows-Kernel-Power,507,(158),"시스템이 연결된 대기 상태를 종료합니다. 

이유: 사용자 입력."
정보,2017-02-15 오후 8:56:40,Microsoft-Windows-Kernel-Power,506,(157),"시스템이 연결된 대기 상태에 들어갑니다. 

이유: 유휴 시간 제한."
정보,2017-02-15 오후 8:56:56,Microsoft-Windows-Kernel-Power,507,(158),"시스템이 연결된 대기 상태를 종료합니다. 

이유: 사용자 입력."
정보,2017-02-15 오후 9:04:54,Microsoft-Windows-Kernel-Power,506,(157),"시스템이 연결된 대기 상태에 들어갑니다. 

이유: 유휴 시간 제한."
정보,2017-02-15 오후 9:08:17,Microsoft-Windows-Kernel-Power,507,(158),"시스템이 연결된 대기 상태를 종료합니다. 

이유: 전원 단추."
정보,2017-02-15 오후 10:32:54,Microsoft-Windows-Kernel-Power,506,(157),"시스템이 연결된 대기 상태에 들어갑니다. 

이유: 유휴 시간 제한."
정보,2017-02-15 오후 10:33:37,Microsoft-Windows-Kernel-Power,507,(158),"시스템이 연결된 대기 상태를 종료합니다. 

이유: 전원 단추."
정보,2017-02-15 오후 10:33:46,Microsoft-Windows-Winlogon,7002,(1102),사용자 환경 개선 프로그램용 사용자 로그오프 알림
정보,2017-02-15 오후 10:33:49,Microsoft-Windows-Kernel-Power,42,(64),"시스템이 절전 모드로 전환하는 중입니다.

절전 모드 전환 이유: 응용 프로그램 API"
정보,2017-02-15 오후 10:33:50,Microsoft-Windows-Kernel-Power,107,(102),시스템이 절전 모드에서 다시 시작되었습니다.
정보,2017-02-16 오전 12:01:13,Microsoft-Windows-Winlogon,7001,(1101),사용자 환경 개선 프로그램용 사용자 로그온 알림
정보,2017-02-16 오전 12:43:27,Microsoft-Windows-Winlogon,7002,(1102),사용자 환경 개선 프로그램용 사용자 로그오프 알림
정보,2017-02-16 오전 12:43:28,Microsoft-Windows-Kernel-Power,42,(64),"시스템이 절전 모드로 전환하는 중입니다.

절전 모드 전환 이유: 응용 프로그램 API"
정보,2017-02-16 오전 12:43:29,Microsoft-Windows-Kernel-Power,107,(102),시스템이 절전 모드에서 다시 시작되었습니다.
정보,2017-02-16 오전 9:19:07,Microsoft-Windows-Winlogon,7001,(1101),사용자 환경 개선 프로그램용 사용자 로그온 알림
정보,2017-02-16 오전 11:57:21,Microsoft-Windows-Kernel-Power,506,(157),"시스템이 연결된 대기 상태에 들어갑니다. 

이유: 유휴 시간 제한."
정보,2017-02-16 오후 12:16:05,Microsoft-Windows-Kernel-Power,507,(158),"시스템이 연결된 대기 상태를 종료합니다. 

이유: 사용자 입력."
정보,2017-02-16 오후 12:38:53,Microsoft-Windows-Kernel-Power,506,(157),"시스템이 연결된 대기 상태에 들어갑니다. 

이유: 유휴 시간 제한."
정보,2017-02-16 오후 12:41:09,Microsoft-Windows-Kernel-Power,507,(158),"시스템이 연결된 대기 상태를 종료합니다. 

이유: 사용자 입력."
정보,2017-02-16 오후 12:41:22,Microsoft-Windows-Winlogon,7002,(1102),사용자 환경 개선 프로그램용 사용자 로그오프 알림
정보,2017-02-16 오후 12:41:24,Microsoft-Windows-Kernel-Power,42,(64),"시스템이 절전 모드로 전환하는 중입니다.

절전 모드 전환 이유: 응용 프로그램 API"
정보,2017-02-16 오후 12:41:25,Microsoft-Windows-Kernel-Power,107,(102),시스템이 절전 모드에서 다시 시작되었습니다.
정보,2017-02-16 오후 1:21:58,Microsoft-Windows-Winlogon,7001,(1101),사용자 환경 개선 프로그램용 사용자 로그온 알림
정보,2017-02-16 오후 1:28:07,Microsoft-Windows-Winlogon,7002,(1102),사용자 환경 개선 프로그램용 사용자 로그오프 알림
정보,2017-02-16 오후 1:28:08,Microsoft-Windows-Kernel-Power,42,(64),"시스템이 절전 모드로 전환하는 중입니다.

절전 모드 전환 이유: 응용 프로그램 API"
정보,2017-02-16 오후 1:28:09,Microsoft-Windows-Kernel-Power,107,(102),시스템이 절전 모드에서 다시 시작되었습니다.
정보,2017-02-16 오후 1:42:55,Microsoft-Windows-Winlogon,7001,(1101),사용자 환경 개선 프로그램용 사용자 로그온 알림
정보,2017-02-16 오후 2:01:37,Microsoft-Windows-Kernel-Power,506,(157),"시스템이 연결된 대기 상태에 들어갑니다. 

이유: 유휴 시간 제한."
정보,2017-02-16 오후 2:04:27,Microsoft-Windows-Kernel-Power,507,(158),"시스템이 연결된 대기 상태를 종료합니다. 

이유: 사용자 입력."
정보,2017-02-16 오후 3:49:34,Microsoft-Windows-Kernel-Power,506,(157),"시스템이 연결된 대기 상태에 들어갑니다. 

이유: 유휴 시간 제한."
정보,2017-02-16 오후 4:06:59,Microsoft-Windows-Kernel-Power,507,(158),"시스템이 연결된 대기 상태를 종료합니다. 

이유: 사용자 입력."
정보,2017-02-16 오후 4:26:50,Microsoft-Windows-Kernel-Power,506,(157),"시스템이 연결된 대기 상태에 들어갑니다. 

이유: 유휴 시간 제한."
정보,2017-02-16 오후 5:12:17,Microsoft-Windows-Kernel-Power,507,(158),"시스템이 연결된 대기 상태를 종료합니다. 

이유: 사용자 입력."
정보,2017-02-16 오후 5:25:37,Microsoft-Windows-Winlogon,7002,(1102),사용자 환경 개선 프로그램용 사용자 로그오프 알림
정보,2017-02-16 오후 5:25:38,Microsoft-Windows-Kernel-Power,42,(64),"시스템이 절전 모드로 전환하는 중입니다.

절전 모드 전환 이유: 응용 프로그램 API"
정보,2017-02-16 오후 5:25:39,Microsoft-Windows-Kernel-Power,107,(102),시스템이 절전 모드에서 다시 시작되었습니다.
정보,2017-02-16 오후 7:28:12,Microsoft-Windows-Winlogon,7001,(1101),사용자 환경 개선 프로그램용 사용자 로그온 알림
정보,2017-02-16 오후 11:55:43,Microsoft-Windows-Winlogon,7002,(1102),사용자 환경 개선 프로그램용 사용자 로그오프 알림
정보,2017-02-16 오후 11:55:44,Microsoft-Windows-Kernel-Power,42,(64),"시스템이 절전 모드로 전환하는 중입니다.

절전 모드 전환 이유: 응용 프로그램 API"
정보,2017-02-16 오후 11:55:45,Microsoft-Windows-Kernel-Power,107,(102),시스템이 절전 모드에서 다시 시작되었습니다.
정보,2017-02-17 오전 9:28:27,Microsoft-Windows-Winlogon,7001,(1101),사용자 환경 개선 프로그램용 사용자 로그온 알림
정보,2017-02-17 오후 12:50:57,Microsoft-Windows-Winlogon,7002,(1102),사용자 환경 개선 프로그램용 사용자 로그오프 알림
정보,2017-02-17 오후 12:50:59,Microsoft-Windows-Kernel-Power,42,(64),"시스템이 절전 모드로 전환하는 중입니다.

절전 모드 전환 이유: 응용 프로그램 API"
정보,2017-02-17 오후 12:51:00,Microsoft-Windows-Kernel-Power,107,(102),시스템이 절전 모드에서 다시 시작되었습니다.
정보,2017-02-17 오후 4:30:52,Microsoft-Windows-Winlogon,7001,(1101),사용자 환경 개선 프로그램용 사용자 로그온 알림
정보,2017-02-17 오후 4:55:06,Microsoft-Windows-Kernel-Power,506,(157),"시스템이 연결된 대기 상태에 들어갑니다. 

이유: 유휴 시간 제한."
정보,2017-02-17 오후 4:57:38,Microsoft-Windows-Kernel-Power,507,(158),"시스템이 연결된 대기 상태를 종료합니다. 

이유: 사용자 입력."
정보,2017-02-17 오후 6:03:12,Microsoft-Windows-Kernel-Power,506,(157),"시스템이 연결된 대기 상태에 들어갑니다. 

이유: 유휴 시간 제한."
정보,2017-02-17 오후 6:20:45,Microsoft-Windows-Kernel-Power,507,(158),"시스템이 연결된 대기 상태를 종료합니다. 

이유: 사용자 입력."
정보,2017-02-17 오후 7:20:24,Microsoft-Windows-Winlogon,7002,(1102),사용자 환경 개선 프로그램용 사용자 로그오프 알림
정보,2017-02-17 오후 7:20:25,Microsoft-Windows-Kernel-Power,42,(64),"시스템이 절전 모드로 전환하는 중입니다.

절전 모드 전환 이유: 응용 프로그램 API"
정보,2017-02-17 오후 7:20:26,Microsoft-Windows-Kernel-Power,107,(102),시스템이 절전 모드에서 다시 시작되었습니다.
정보,2017-02-17 오후 8:48:01,Microsoft-Windows-Winlogon,7001,(1101),사용자 환경 개선 프로그램용 사용자 로그온 알림
정보,2017-02-18 오전 2:41:17,Microsoft-Windows-Winlogon,7002,(1102),사용자 환경 개선 프로그램용 사용자 로그오프 알림
정보,2017-02-18 오전 2:41:18,Microsoft-Windows-Kernel-Power,42,(64),"시스템이 절전 모드로 전환하는 중입니다.

절전 모드 전환 이유: 응용 프로그램 API"
정보,2017-02-18 오전 2:41:20,Microsoft-Windows-Kernel-Power,107,(102),시스템이 절전 모드에서 다시 시작되었습니다.
정보,2017-02-18 오후 1:01:12,Microsoft-Windows-Winlogon,7001,(1101),사용자 환경 개선 프로그램용 사용자 로그온 알림
정보,2017-02-18 오후 2:06:18,Microsoft-Windows-Kernel-Power,506,(157),"시스템이 연결된 대기 상태에 들어갑니다. 

이유: 유휴 시간 제한."
정보,2017-02-18 오후 2:08:27,Microsoft-Windows-Kernel-Power,507,(158),"시스템이 연결된 대기 상태를 종료합니다. 

이유: 사용자 입력."
정보,2017-02-18 오후 2:26:18,Microsoft-Windows-Kernel-Power,506,(157),"시스템이 연결된 대기 상태에 들어갑니다. 

이유: 유휴 시간 제한."
정보,2017-02-18 오후 2:28:22,Microsoft-Windows-Kernel-Power,507,(158),"시스템이 연결된 대기 상태를 종료합니다. 

이유: 사용자 입력."
정보,2017-02-19 오전 3:33:49,Microsoft-Windows-Winlogon,7002,(1102),사용자 환경 개선 프로그램용 사용자 로그오프 알림
정보,2017-02-19 오전 3:33:51,Microsoft-Windows-Kernel-Power,42,(64),"시스템이 절전 모드로 전환하는 중입니다.

절전 모드 전환 이유: 응용 프로그램 API"
정보,2017-02-19 오전 3:33:52,Microsoft-Windows-Kernel-Power,107,(102),시스템이 절전 모드에서 다시 시작되었습니다.
정보,2017-02-19 오후 2:10:07,Microsoft-Windows-Winlogon,7001,(1101),사용자 환경 개선 프로그램용 사용자 로그온 알림
정보,2017-02-19 오후 4:31:20,Microsoft-Windows-Winlogon,7002,(1102),사용자 환경 개선 프로그램용 사용자 로그오프 알림
정보,2017-02-19 오후 6:29:29,Microsoft-Windows-Winlogon,7001,(1101),사용자 환경 개선 프로그램용 사용자 로그온 알림
정보,2017-02-19 오후 11:24:47,Microsoft-Windows-Winlogon,7002,(1102),사용자 환경 개선 프로그램용 사용자 로그오프 알림
정보,2017-02-19 오후 11:24:48,Microsoft-Windows-Kernel-Power,42,(64),"시스템이 절전 모드로 전환하는 중입니다.

절전 모드 전환 이유: 응용 프로그램 API"
정보,2017-02-19 오후 11:24:49,Microsoft-Windows-Kernel-Power,107,(102),시스템이 절전 모드에서 다시 시작되었습니다.
정보,2017-02-20 오전 3:21:00,Microsoft-Windows-Winlogon,7001,(1101),사용자 환경 개선 프로그램용 사용자 로그온 알림
정보,2017-02-21 오전 3:21:19,Microsoft-Windows-Winlogon,7002,(1102),사용자 환경 개선 프로그램용 사용자 로그오프 알림
정보,2017-02-21 오전 3:21:21,Microsoft-Windows-Kernel-Power,42,(64),"시스템이 절전 모드로 전환하는 중입니다.

절전 모드 전환 이유: 응용 프로그램 API"
정보,2017-02-21 오전 3:21:22,Microsoft-Windows-Kernel-Power,107,(102),시스템이 절전 모드에서 다시 시작되었습니다.
정보,2017-02-21 오후 3:46:47,Microsoft-Windows-Winlogon,7001,(1101),사용자 환경 개선 프로그램용 사용자 로그온 알림
정보,2017-02-21 오후 4:03:05,Microsoft-Windows-Kernel-Power,506,(157),"시스템이 연결된 대기 상태에 들어갑니다. 

이유: 유휴 시간 제한."
정보,2017-02-21 오후 4:03:22,Microsoft-Windows-Kernel-Power,507,(158),"시스템이 연결된 대기 상태를 종료합니다. 

이유: AC/DC 디스플레이 버스트."
정보,2017-02-21 오후 4:03:27,Microsoft-Windows-Kernel-Power,506,(157),"시스템이 연결된 대기 상태에 들어갑니다. 

이유: AC/DC 디스플레이 버스트."
정보,2017-02-21 오후 4:03:37,Microsoft-Windows-Kernel-Power,507,(158),"시스템이 연결된 대기 상태를 종료합니다. 

이유: 사용자 입력."
정보,2017-02-21 오후 5:27:12,Microsoft-Windows-Kernel-Power,42,(64),"시스템이 절전 모드로 전환하는 중입니다.

절전 모드 전환 이유: 단추 또는 덮개"
정보,2017-02-21 오후 5:27:13,Microsoft-Windows-Kernel-Power,107,(102),시스템이 절전 모드에서 다시 시작되었습니다.
정보,2017-02-21 오후 10:36:15,Microsoft-Windows-Winlogon,7002,(1102),사용자 환경 개선 프로그램용 사용자 로그오프 알림
정보,2017-02-21 오후 10:36:17,Microsoft-Windows-Kernel-Power,42,(64),"시스템이 절전 모드로 전환하는 중입니다.

절전 모드 전환 이유: 응용 프로그램 API"
정보,2017-02-21 오후 10:36:19,Microsoft-Windows-Kernel-Power,107,(102),시스템이 절전 모드에서 다시 시작되었습니다.
정보,2017-02-21 오후 10:36:59,Microsoft-Windows-Winlogon,7001,(1101),사용자 환경 개선 프로그램용 사용자 로그온 알림
정보,2017-02-21 오후 11:28:37,Microsoft-Windows-Winlogon,7002,(1102),사용자 환경 개선 프로그램용 사용자 로그오프 알림
정보,2017-02-21 오후 11:28:39,Microsoft-Windows-Kernel-Power,42,(64),"시스템이 절전 모드로 전환하는 중입니다.

절전 모드 전환 이유: 응용 프로그램 API"
정보,2017-02-21 오후 11:28:40,Microsoft-Windows-Kernel-Power,107,(102),시스템이 절전 모드에서 다시 시작되었습니다.
정보,2017-02-22 오후 7:22:12,Microsoft-Windows-Winlogon,7001,(1101),사용자 환경 개선 프로그램용 사용자 로그온 알림
정보,2017-02-22 오후 7:49:37,Microsoft-Windows-Winlogon,7002,(1102),사용자 환경 개선 프로그램용 사용자 로그오프 알림
정보,2017-02-22 오후 7:49:38,Microsoft-Windows-Kernel-Power,42,(64),"시스템이 절전 모드로 전환하는 중입니다.

절전 모드 전환 이유: 응용 프로그램 API"
정보,2017-02-22 오후 7:49:39,Microsoft-Windows-Kernel-Power,107,(102),시스템이 절전 모드에서 다시 시작되었습니다.
정보,2017-02-22 오후 10:14:01,Microsoft-Windows-Winlogon,7001,(1101),사용자 환경 개선 프로그램용 사용자 로그온 알림
정보,2017-02-23 오전 1:44:57,Microsoft-Windows-Winlogon,7002,(1102),사용자 환경 개선 프로그램용 사용자 로그오프 알림
정보,2017-02-23 오전 1:44:59,Microsoft-Windows-Kernel-Power,42,(64),"시스템이 절전 모드로 전환하는 중입니다.

절전 모드 전환 이유: 응용 프로그램 API"
정보,2017-02-23 오전 1:45:00,Microsoft-Windows-Kernel-Power,107,(102),시스템이 절전 모드에서 다시 시작되었습니다.
정보,2017-02-23 오후 12:06:09,Microsoft-Windows-Winlogon,7001,(1101),사용자 환경 개선 프로그램용 사용자 로그온 알림
정보,2017-02-23 오후 12:29:21,Microsoft-Windows-Kernel-Power,506,(157),"시스템이 연결된 대기 상태에 들어갑니다. 

이유: 유휴 시간 제한."
정보,2017-02-23 오후 12:51:35,Microsoft-Windows-Kernel-Power,42,(64),"시스템이 절전 모드로 전환하는 중입니다.

절전 모드 전환 이유: 절전 모드에서 최대 절전 모드로 - 고정된 시간 제한"
정보,2017-02-23 오후 12:51:40,Microsoft-Windows-Kernel-Power,107,(102),시스템이 절전 모드에서 다시 시작되었습니다.
정보,2017-02-23 오후 3:25:46,Microsoft-Windows-Kernel-Power,507,(158),"시스템이 연결된 대기 상태를 종료합니다. 

이유: 최대 절전 모드에서 다시 시작."
정보,2017-02-23 오후 3:53:39,Microsoft-Windows-Winlogon,7002,(1102),사용자 환경 개선 프로그램용 사용자 로그오프 알림
정보,2017-02-23 오후 3:54:04,Microsoft-Windows-Winlogon,7001,(1101),사용자 환경 개선 프로그램용 사용자 로그온 알림
정보,2017-02-24 오전 3:24:48,Microsoft-Windows-Winlogon,7002,(1102),사용자 환경 개선 프로그램용 사용자 로그오프 알림
정보,2017-02-24 오전 3:24:50,Microsoft-Windows-Kernel-Power,42,(64),"시스템이 절전 모드로 전환하는 중입니다.

절전 모드 전환 이유: 응용 프로그램 API"
정보,2017-02-24 오전 3:24:51,Microsoft-Windows-Kernel-Power,107,(102),시스템이 절전 모드에서 다시 시작되었습니다.
정보,2017-02-24 오후 2:29:54,Microsoft-Windows-Winlogon,7001,(1101),사용자 환경 개선 프로그램용 사용자 로그온 알림
정보,2017-02-25 오전 3:20:30,Microsoft-Windows-Winlogon,7002,(1102),사용자 환경 개선 프로그램용 사용자 로그오프 알림
정보,2017-02-25 오전 3:20:32,Microsoft-Windows-Kernel-Power,42,(64),"시스템이 절전 모드로 전환하는 중입니다.

절전 모드 전환 이유: 응용 프로그램 API"
정보,2017-02-25 오전 3:20:33,Microsoft-Windows-Kernel-Power,107,(102),시스템이 절전 모드에서 다시 시작되었습니다.
정보,2017-02-25 오후 2:46:15,Microsoft-Windows-Winlogon,7001,(1101),사용자 환경 개선 프로그램용 사용자 로그온 알림
정보,2017-02-25 오후 4:17:55,Microsoft-Windows-Winlogon,7002,(1102),사용자 환경 개선 프로그램용 사용자 로그오프 알림
정보,2017-02-25 오후 4:18:20,Microsoft-Windows-Winlogon,7001,(1101),사용자 환경 개선 프로그램용 사용자 로그온 알림
정보,2017-02-25 오후 5:16:27,Microsoft-Windows-Winlogon,7002,(1102),사용자 환경 개선 프로그램용 사용자 로그오프 알림
정보,2017-02-25 오후 5:16:53,Microsoft-Windows-Kernel-Power,42,(64),"시스템이 절전 모드로 전환하는 중입니다.

절전 모드 전환 이유: 응용 프로그램 API"
정보,2017-02-25 오후 5:16:54,Microsoft-Windows-Kernel-Power,107,(102),시스템이 절전 모드에서 다시 시작되었습니다.
정보,2017-02-26 오전 12:24:26,Microsoft-Windows-Winlogon,7001,(1101),사용자 환경 개선 프로그램용 사용자 로그온 알림
정보,2017-02-26 오전 3:03:53,Microsoft-Windows-Winlogon,7002,(1102),사용자 환경 개선 프로그램용 사용자 로그오프 알림
정보,2017-02-26 오전 3:03:55,Microsoft-Windows-Kernel-Power,42,(64),"시스템이 절전 모드로 전환하는 중입니다.

절전 모드 전환 이유: 응용 프로그램 API"
정보,2017-02-26 오전 3:03:56,Microsoft-Windows-Kernel-Power,107,(102),시스템이 절전 모드에서 다시 시작되었습니다.
정보,2017-02-26 오전 10:41:59,Microsoft-Windows-Winlogon,7001,(1101),사용자 환경 개선 프로그램용 사용자 로그온 알림
정보,2017-02-26 오후 12:55:06,Microsoft-Windows-Winlogon,7002,(1102),사용자 환경 개선 프로그램용 사용자 로그오프 알림
정보,2017-02-26 오후 12:55:08,Microsoft-Windows-Kernel-Power,42,(64),"시스템이 절전 모드로 전환하는 중입니다.

절전 모드 전환 이유: 응용 프로그램 API"
정보,2017-02-26 오후 12:55:12,Microsoft-Windows-Kernel-Power,107,(102),시스템이 절전 모드에서 다시 시작되었습니다.
정보,2017-02-26 오후 2:16:06,Microsoft-Windows-Winlogon,7001,(1101),사용자 환경 개선 프로그램용 사용자 로그온 알림
정보,2017-02-26 오후 2:31:05,Microsoft-Windows-Kernel-Power,506,(157),"시스템이 연결된 대기 상태에 들어갑니다. 

이유: 유휴 시간 제한."
정보,2017-02-26 오후 2:35:57,Microsoft-Windows-Kernel-Power,507,(158),"시스템이 연결된 대기 상태를 종료합니다. 

이유: 사용자 입력."
정보,2017-02-26 오후 2:44:40,Microsoft-Windows-Kernel-Power,506,(157),"시스템이 연결된 대기 상태에 들어갑니다. 

이유: 유휴 시간 제한."
정보,2017-02-26 오후 3:10:59,Microsoft-Windows-Kernel-Power,42,(64),"시스템이 절전 모드로 전환하는 중입니다.

절전 모드 전환 이유: 절전 모드에서 최대 절전 모드로 - 고정된 시간 제한"
정보,2017-02-26 오후 3:11:01,Microsoft-Windows-Kernel-Power,107,(102),시스템이 절전 모드에서 다시 시작되었습니다.
정보,2017-02-26 오후 3:14:09,Microsoft-Windows-Kernel-Power,507,(158),"시스템이 연결된 대기 상태를 종료합니다. 

이유: 완전 해제."
정보,2017-02-26 오후 3:19:11,Microsoft-Windows-Kernel-Power,506,(157),"시스템이 연결된 대기 상태에 들어갑니다. 

이유: 유휴 시간 제한."
정보,2017-02-26 오후 3:19:50,Microsoft-Windows-Kernel-Power,507,(158),"시스템이 연결된 대기 상태를 종료합니다. 

이유: 사용자 입력."
정보,2017-02-26 오후 3:29:31,Microsoft-Windows-Kernel-Power,506,(157),"시스템이 연결된 대기 상태에 들어갑니다. 

이유: 유휴 시간 제한."
정보,2017-02-26 오후 3:31:55,Microsoft-Windows-Kernel-Power,507,(158),"시스템이 연결된 대기 상태를 종료합니다. 

이유: 사용자 입력."
정보,2017-02-26 오후 4:20:55,Microsoft-Windows-Kernel-Power,506,(157),"시스템이 연결된 대기 상태에 들어갑니다. 

이유: 유휴 시간 제한."
정보,2017-02-26 오후 4:21:46,Microsoft-Windows-Kernel-Power,507,(158),"시스템이 연결된 대기 상태를 종료합니다. 

이유: 사용자 입력."
정보,2017-02-26 오후 5:05:44,Microsoft-Windows-Winlogon,7002,(1102),사용자 환경 개선 프로그램용 사용자 로그오프 알림
정보,2017-02-26 오후 5:05:45,Microsoft-Windows-Kernel-Power,42,(64),"시스템이 절전 모드로 전환하는 중입니다.

절전 모드 전환 이유: 응용 프로그램 API"
정보,2017-02-26 오후 5:05:46,Microsoft-Windows-Kernel-Power,107,(102),시스템이 절전 모드에서 다시 시작되었습니다.
정보,2017-02-26 오후 5:25:08,Microsoft-Windows-Kernel-Power,506,(157),"시스템이 연결된 대기 상태에 들어갑니다. 

이유: 유휴 시간 제한."
정보,2017-02-26 오후 5:42:23,Microsoft-Windows-Kernel-Power,507,(158),"시스템이 연결된 대기 상태를 종료합니다. 

이유: 사용자 입력."
정보,2017-02-26 오후 5:46:30,Microsoft-Windows-Kernel-Power,506,(157),"시스템이 연결된 대기 상태에 들어갑니다. 

이유: 유휴 시간 제한."
정보,2017-02-26 오후 6:02:09,Microsoft-Windows-Kernel-Power,507,(158),"시스템이 연결된 대기 상태를 종료합니다. 

이유: 사용자 입력."
정보,2017-02-26 오후 6:11:23,Microsoft-Windows-Kernel-Power,506,(157),"시스템이 연결된 대기 상태에 들어갑니다. 

이유: 유휴 시간 제한."
정보,2017-02-26 오후 6:19:18,Microsoft-Windows-Kernel-Power,507,(158),"시스템이 연결된 대기 상태를 종료합니다. 

이유: 사용자 입력."
정보,2017-02-26 오후 6:24:02,Microsoft-Windows-Kernel-Power,506,(157),"시스템이 연결된 대기 상태에 들어갑니다. 

이유: 유휴 시간 제한."
정보,2017-02-26 오후 6:50:09,Microsoft-Windows-Kernel-Power,42,(64),"시스템이 절전 모드로 전환하는 중입니다.

절전 모드 전환 이유: 절전 모드에서 최대 절전 모드로 - 고정된 시간 제한"
정보,2017-02-26 오후 6:50:10,Microsoft-Windows-Kernel-Power,107,(102),시스템이 절전 모드에서 다시 시작되었습니다.
정보,2017-02-26 오후 10:44:33,Microsoft-Windows-Kernel-Power,507,(158),"시스템이 연결된 대기 상태를 종료합니다. 

이유: 완전 해제."
정보,2017-02-26 오후 10:44:46,Microsoft-Windows-Winlogon,7001,(1101),사용자 환경 개선 프로그램용 사용자 로그온 알림
정보,2017-02-27 오전 2:00:43,Microsoft-Windows-Kernel-Power,506,(157),"시스템이 연결된 대기 상태에 들어갑니다. 

이유: 유휴 시간 제한."
정보,2017-02-27 오전 2:03:57,Microsoft-Windows-Kernel-Power,507,(158),"시스템이 연결된 대기 상태를 종료합니다. 

이유: 사용자 입력."
정보,2017-02-27 오전 2:10:22,Microsoft-Windows-Kernel-Power,506,(157),"시스템이 연결된 대기 상태에 들어갑니다. 

이유: 유휴 시간 제한."
정보,2017-02-27 오전 2:11:01,Microsoft-Windows-Kernel-Power,507,(158),"시스템이 연결된 대기 상태를 종료합니다. 

이유: 사용자 입력."
정보,2017-02-27 오전 2:40:17,Microsoft-Windows-Kernel-Power,506,(157),"시스템이 연결된 대기 상태에 들어갑니다. 

이유: 유휴 시간 제한."
정보,2017-02-27 오전 2:40:30,Microsoft-Windows-Kernel-Power,507,(158),"시스템이 연결된 대기 상태를 종료합니다. 

이유: 사용자 입력."
정보,2017-02-27 오전 2:52:12,Microsoft-Windows-Kernel-Power,506,(157),"시스템이 연결된 대기 상태에 들어갑니다. 

이유: 유휴 시간 제한."
정보,2017-02-27 오전 2:52:13,Microsoft-Windows-Kernel-Power,507,(158),"시스템이 연결된 대기 상태를 종료합니다. 

이유: 사용자 입력."
정보,2017-02-27 오전 3:11:51,Microsoft-Windows-Winlogon,7002,(1102),사용자 환경 개선 프로그램용 사용자 로그오프 알림
정보,2017-02-27 오전 3:11:53,Microsoft-Windows-Kernel-Power,42,(64),"시스템이 절전 모드로 전환하는 중입니다.

절전 모드 전환 이유: 응용 프로그램 API"
정보,2017-02-27 오전 3:11:54,Microsoft-Windows-Kernel-Power,107,(102),시스템이 절전 모드에서 다시 시작되었습니다.
정보,2017-02-27 오후 3:15:24,Microsoft-Windows-Winlogon,7001,(1101),사용자 환경 개선 프로그램용 사용자 로그온 알림
정보,2017-02-28 오전 3:53:40,Microsoft-Windows-Winlogon,7002,(1102),사용자 환경 개선 프로그램용 사용자 로그오프 알림
정보,2017-02-28 오전 3:53:41,Microsoft-Windows-Kernel-Power,42,(64),"시스템이 절전 모드로 전환하는 중입니다.

절전 모드 전환 이유: 응용 프로그램 API"
정보,2017-02-28 오전 3:53:43,Microsoft-Windows-Kernel-Power,107,(102),시스템이 절전 모드에서 다시 시작되었습니다.
정보,2017-02-28 오후 5:42:22,Microsoft-Windows-Kernel-Power,506,(157),"시스템이 연결된 대기 상태에 들어갑니다. 

이유: 유휴 시간 제한."
정보,2017-02-28 오후 5:51:00,Microsoft-Windows-Kernel-Power,507,(158),"시스템이 연결된 대기 상태를 종료합니다. 

이유: AC/DC 디스플레이 버스트."
정보,2017-02-28 오후 5:51:05,Microsoft-Windows-Kernel-Power,506,(157),"시스템이 연결된 대기 상태에 들어갑니다. 

이유: AC/DC 디스플레이 버스트."
정보,2017-02-28 오후 7:09:33,Microsoft-Windows-Kernel-Power,507,(158),"시스템이 연결된 대기 상태를 종료합니다. 

이유: 사용자 입력."
정보,2017-02-28 오후 7:09:39,Microsoft-Windows-Winlogon,7001,(1101),사용자 환경 개선 프로그램용 사용자 로그온 알림
정보,2017-03-01 오전 3:42:00,Microsoft-Windows-Winlogon,7002,(1102),사용자 환경 개선 프로그램용 사용자 로그오프 알림
정보,2017-03-01 오전 3:42:01,Microsoft-Windows-Kernel-Power,42,(64),"시스템이 절전 모드로 전환하는 중입니다.

절전 모드 전환 이유: 응용 프로그램 API"
정보,2017-03-01 오전 3:42:03,Microsoft-Windows-Kernel-Power,107,(102),시스템이 절전 모드에서 다시 시작되었습니다.
정보,2017-03-01 오후 2:35:09,Microsoft-Windows-Winlogon,7001,(1101),사용자 환경 개선 프로그램용 사용자 로그온 알림
정보,2017-03-01 오후 2:52:26,Microsoft-Windows-Kernel-Power,506,(157),"시스템이 연결된 대기 상태에 들어갑니다. 

이유: 유휴 시간 제한."
정보,2017-03-01 오후 3:00:59,Microsoft-Windows-Kernel-Power,507,(158),"시스템이 연결된 대기 상태를 종료합니다. 

이유: 전원 단추."
정보,2017-03-02 오전 3:07:00,Microsoft-Windows-Winlogon,7002,(1102),사용자 환경 개선 프로그램용 사용자 로그오프 알림
정보,2017-03-02 오전 3:07:02,Microsoft-Windows-Kernel-Power,42,(64),"시스템이 절전 모드로 전환하는 중입니다.

절전 모드 전환 이유: 응용 프로그램 API"
정보,2017-03-02 오전 3:07:03,Microsoft-Windows-Kernel-Power,107,(102),시스템이 절전 모드에서 다시 시작되었습니다.
정보,2017-03-02 오후 2:25:43,Microsoft-Windows-Winlogon,7001,(1101),사용자 환경 개선 프로그램용 사용자 로그온 알림
정보,2017-03-03 오전 12:57:02,Microsoft-Windows-Winlogon,7002,(1102),사용자 환경 개선 프로그램용 사용자 로그오프 알림
정보,2017-03-03 오전 12:57:03,Microsoft-Windows-Kernel-Power,42,(64),"시스템이 절전 모드로 전환하는 중입니다.

절전 모드 전환 이유: 응용 프로그램 API"
정보,2017-03-03 오전 12:57:04,Microsoft-Windows-Kernel-Power,107,(102),시스템이 절전 모드에서 다시 시작되었습니다.
정보,2017-03-03 오후 3:35:25,Microsoft-Windows-Winlogon,7001,(1101),사용자 환경 개선 프로그램용 사용자 로그온 알림
정보,2017-03-04 오전 3:42:04,Microsoft-Windows-Kernel-Power,506,(157),"시스템이 연결된 대기 상태에 들어갑니다. 

이유: 유휴 시간 제한."
정보,2017-03-04 오전 4:08:14,Microsoft-Windows-Kernel-Power,42,(64),"시스템이 절전 모드로 전환하는 중입니다.

절전 모드 전환 이유: 절전 모드에서 최대 절전 모드로 - 고정된 시간 제한"
정보,2017-03-04 오전 4:08:16,Microsoft-Windows-Kernel-Power,107,(102),시스템이 절전 모드에서 다시 시작되었습니다.
정보,2017-03-04 오전 10:43:46,Microsoft-Windows-Kernel-Power,507,(158),"시스템이 연결된 대기 상태를 종료합니다. 

이유: 최대 절전 모드에서 다시 시작."
정보,2017-03-04 오후 12:02:39,Microsoft-Windows-Winlogon,7002,(1102),사용자 환경 개선 프로그램용 사용자 로그오프 알림
정보,2017-03-04 오후 12:02:43,Microsoft-Windows-Kernel-Power,42,(64),"시스템이 절전 모드로 전환하는 중입니다.

절전 모드 전환 이유: 응용 프로그램 API"
정보,2017-03-04 오후 12:02:45,Microsoft-Windows-Kernel-Power,107,(102),시스템이 절전 모드에서 다시 시작되었습니다.
정보,2017-03-04 오후 2:04:11,Microsoft-Windows-Winlogon,7001,(1101),사용자 환경 개선 프로그램용 사용자 로그온 알림
정보,2017-03-04 오후 2:49:52,Microsoft-Windows-Kernel-Power,506,(157),"시스템이 연결된 대기 상태에 들어갑니다. 

이유: 유휴 시간 제한."
정보,2017-03-04 오후 2:49:52,Microsoft-Windows-Kernel-Power,507,(158),"시스템이 연결된 대기 상태를 종료합니다. 

이유: 사용자 입력."
정보,2017-03-04 오후 3:07:23,Microsoft-Windows-Kernel-Power,506,(157),"시스템이 연결된 대기 상태에 들어갑니다. 

이유: 유휴 시간 제한."
정보,2017-03-04 오후 3:16:24,Microsoft-Windows-Kernel-Power,507,(158),"시스템이 연결된 대기 상태를 종료합니다. 

이유: 사용자 입력."
정보,2017-03-04 오후 3:44:28,Microsoft-Windows-Kernel-Power,506,(157),"시스템이 연결된 대기 상태에 들어갑니다. 

이유: 유휴 시간 제한."
정보,2017-03-04 오후 4:10:30,Microsoft-Windows-Kernel-Power,42,(64),"시스템이 절전 모드로 전환하는 중입니다.

절전 모드 전환 이유: 절전 모드에서 최대 절전 모드로 - 고정된 시간 제한"
정보,2017-03-04 오후 4:10:33,Microsoft-Windows-Kernel-Power,107,(102),시스템이 절전 모드에서 다시 시작되었습니다.
정보,2017-03-04 오후 4:37:36,Microsoft-Windows-Kernel-Power,507,(158),"시스템이 연결된 대기 상태를 종료합니다. 

이유: 완전 해제."
정보,2017-03-04 오후 4:43:36,Microsoft-Windows-Kernel-Power,506,(157),"시스템이 연결된 대기 상태에 들어갑니다. 

이유: 유휴 시간 제한."
정보,2017-03-04 오후 4:46:19,Microsoft-Windows-Kernel-Power,507,(158),"시스템이 연결된 대기 상태를 종료합니다. 

이유: 사용자 입력."
정보,2017-03-04 오후 4:59:02,Microsoft-Windows-Winlogon,7002,(1102),사용자 환경 개선 프로그램용 사용자 로그오프 알림
정보,2017-03-04 오후 4:59:04,Microsoft-Windows-Kernel-Power,42,(64),"시스템이 절전 모드로 전환하는 중입니다.

절전 모드 전환 이유: 응용 프로그램 API"
정보,2017-03-04 오후 4:59:05,Microsoft-Windows-Kernel-Power,107,(102),시스템이 절전 모드에서 다시 시작되었습니다.
정보,2017-03-04 오후 5:31:19,Microsoft-Windows-Winlogon,7001,(1101),사용자 환경 개선 프로그램용 사용자 로그온 알림
정보,2017-03-04 오후 5:31:58,Microsoft-Windows-Winlogon,7002,(1102),사용자 환경 개선 프로그램용 사용자 로그오프 알림
정보,2017-03-04 오후 5:31:59,Microsoft-Windows-Kernel-Power,42,(64),"시스템이 절전 모드로 전환하는 중입니다.

절전 모드 전환 이유: 응용 프로그램 API"
정보,2017-03-04 오후 5:32:01,Microsoft-Windows-Kernel-Power,107,(102),시스템이 절전 모드에서 다시 시작되었습니다.
정보,2017-03-04 오후 10:24:32,Microsoft-Windows-Kernel-Power,506,(157),"시스템이 연결된 대기 상태에 들어갑니다. 

이유: 유휴 시간 제한."
정보,2017-03-04 오후 10:47:21,Microsoft-Windows-Kernel-Power,42,(64),"시스템이 절전 모드로 전환하는 중입니다.

절전 모드 전환 이유: 단추 또는 덮개"
정보,2017-03-04 오후 10:47:22,Microsoft-Windows-Kernel-Power,107,(102),시스템이 절전 모드에서 다시 시작되었습니다.
정보,2017-03-04 오후 10:48:29,Microsoft-Windows-Kernel-Power,42,(64),"시스템이 절전 모드로 전환하는 중입니다.

절전 모드 전환 이유: 단추 또는 덮개"
정보,2017-03-04 오후 10:48:30,Microsoft-Windows-Kernel-Power,107,(102),시스템이 절전 모드에서 다시 시작되었습니다.
정보,2017-03-04 오후 10:52:30,Microsoft-Windows-Kernel-Power,42,(64),"시스템이 절전 모드로 전환하는 중입니다.

절전 모드 전환 이유: 단추 또는 덮개"
정보,2017-03-04 오후 10:52:30,Microsoft-Windows-Kernel-Power,107,(102),시스템이 절전 모드에서 다시 시작되었습니다.
정보,2017-03-04 오후 11:17:42,Microsoft-Windows-Winlogon,7001,(1101),사용자 환경 개선 프로그램용 사용자 로그온 알림
정보,2017-03-05 오전 2:28:51,Microsoft-Windows-Winlogon,7002,(1102),사용자 환경 개선 프로그램용 사용자 로그오프 알림
정보,2017-03-05 오전 2:28:53,Microsoft-Windows-Kernel-Power,42,(64),"시스템이 절전 모드로 전환하는 중입니다.

절전 모드 전환 이유: 응용 프로그램 API"
정보,2017-03-05 오전 2:28:54,Microsoft-Windows-Kernel-Power,107,(102),시스템이 절전 모드에서 다시 시작되었습니다.
정보,2017-03-05 오후 4:01:36,Microsoft-Windows-Winlogon,7001,(1101),사용자 환경 개선 프로그램용 사용자 로그온 알림
정보,2017-03-05 오후 8:00:26,Microsoft-Windows-Winlogon,7002,(1102),사용자 환경 개선 프로그램용 사용자 로그오프 알림
정보,2017-03-05 오후 8:00:28,Microsoft-Windows-Kernel-Power,42,(64),"시스템이 절전 모드로 전환하는 중입니다.

절전 모드 전환 이유: 응용 프로그램 API"
정보,2017-03-05 오후 8:00:29,Microsoft-Windows-Kernel-Power,107,(102),시스템이 절전 모드에서 다시 시작되었습니다.
정보,2017-03-06 오후 1:34:28,Microsoft-Windows-Winlogon,7001,(1101),사용자 환경 개선 프로그램용 사용자 로그온 알림
정보,2017-03-06 오후 10:53:59,Microsoft-Windows-Winlogon,7002,(1102),사용자 환경 개선 프로그램용 사용자 로그오프 알림
정보,2017-03-06 오후 10:54:01,Microsoft-Windows-Kernel-Power,42,(64),"시스템이 절전 모드로 전환하는 중입니다.

절전 모드 전환 이유: 응용 프로그램 API"
정보,2017-03-06 오후 10:54:03,Microsoft-Windows-Kernel-Power,107,(102),시스템이 절전 모드에서 다시 시작되었습니다.
정보,2017-03-07 오전 7:10:54,Microsoft-Windows-Winlogon,7001,(1101),사용자 환경 개선 프로그램용 사용자 로그온 알림
정보,2017-03-08 오전 1:32:22,Microsoft-Windows-Winlogon,7002,(1102),사용자 환경 개선 프로그램용 사용자 로그오프 알림
정보,2017-03-08 오전 1:32:24,Microsoft-Windows-Kernel-Power,42,(64),"시스템이 절전 모드로 전환하는 중입니다.

절전 모드 전환 이유: 응용 프로그램 API"
정보,2017-03-08 오전 1:32:25,Microsoft-Windows-Kernel-Power,107,(102),시스템이 절전 모드에서 다시 시작되었습니다.
정보,2017-03-08 오후 2:27:15,Microsoft-Windows-Winlogon,7001,(1101),사용자 환경 개선 프로그램용 사용자 로그온 알림
정보,2017-03-08 오후 2:53:00,Microsoft-Windows-Winlogon,7002,(1102),사용자 환경 개선 프로그램용 사용자 로그오프 알림
정보,2017-03-08 오후 2:53:02,Microsoft-Windows-Kernel-Power,42,(64),"시스템이 절전 모드로 전환하는 중입니다.

절전 모드 전환 이유: 응용 프로그램 API"
정보,2017-03-08 오후 2:53:04,Microsoft-Windows-Kernel-Power,107,(102),시스템이 절전 모드에서 다시 시작되었습니다.
정보,2017-03-09 오후 1:18:52,Microsoft-Windows-Winlogon,7001,(1101),사용자 환경 개선 프로그램용 사용자 로그온 알림
정보,2017-03-09 오후 1:46:48,Microsoft-Windows-Kernel-Power,506,(157),"시스템이 연결된 대기 상태에 들어갑니다. 

이유: 유휴 시간 제한."
정보,2017-03-09 오후 1:48:32,Microsoft-Windows-Kernel-Power,507,(158),"시스템이 연결된 대기 상태를 종료합니다. 

이유: 사용자 입력."
정보,2017-03-09 오후 2:06:44,Microsoft-Windows-Kernel-Power,506,(157),"시스템이 연결된 대기 상태에 들어갑니다. 

이유: 유휴 시간 제한."
정보,2017-03-09 오후 2:06:47,Microsoft-Windows-Kernel-Power,507,(158),"시스템이 연결된 대기 상태를 종료합니다. 

이유: 사용자 입력."
정보,2017-03-09 오후 2:17:35,Microsoft-Windows-Kernel-Power,506,(157),"시스템이 연결된 대기 상태에 들어갑니다. 

이유: 유휴 시간 제한."
정보,2017-03-09 오후 2:18:28,Microsoft-Windows-Kernel-Power,507,(158),"시스템이 연결된 대기 상태를 종료합니다. 

이유: 사용자 입력."
정보,2017-03-09 오후 2:26:27,Microsoft-Windows-Kernel-Power,506,(157),"시스템이 연결된 대기 상태에 들어갑니다. 

이유: 유휴 시간 제한."
정보,2017-03-09 오후 2:31:25,Microsoft-Windows-Kernel-Power,507,(158),"시스템이 연결된 대기 상태를 종료합니다. 

이유: 사용자 입력."
정보,2017-03-09 오후 2:41:24,Microsoft-Windows-Winlogon,7002,(1102),사용자 환경 개선 프로그램용 사용자 로그오프 알림
정보,2017-03-09 오후 2:41:25,Microsoft-Windows-Kernel-Power,42,(64),"시스템이 절전 모드로 전환하는 중입니다.

절전 모드 전환 이유: 응용 프로그램 API"
정보,2017-03-09 오후 2:41:27,Microsoft-Windows-Kernel-Power,107,(102),시스템이 절전 모드에서 다시 시작되었습니다.
정보,2017-03-09 오후 2:42:00,Microsoft-Windows-Winlogon,7001,(1101),사용자 환경 개선 프로그램용 사용자 로그온 알림
정보,2017-03-09 오후 2:42:01,Microsoft-Windows-Winlogon,7001,(1101),사용자 환경 개선 프로그램용 사용자 로그온 알림
정보,2017-03-09 오후 3:55:08,Microsoft-Windows-Kernel-Power,506,(157),"시스템이 연결된 대기 상태에 들어갑니다. 

이유: 유휴 시간 제한."
정보,2017-03-09 오후 4:21:36,Microsoft-Windows-Kernel-Power,42,(64),"시스템이 절전 모드로 전환하는 중입니다.

절전 모드 전환 이유: 절전 모드에서 최대 절전 모드로 - 고정된 시간 제한"
정보,2017-03-09 오후 4:21:38,Microsoft-Windows-Kernel-Power,107,(102),시스템이 절전 모드에서 다시 시작되었습니다.
정보,2017-03-09 오후 4:35:12,Microsoft-Windows-Kernel-Power,507,(158),"시스템이 연결된 대기 상태를 종료합니다. 

이유: 최대 절전 모드에서 다시 시작."
정보,2017-03-09 오후 5:19:33,Microsoft-Windows-Winlogon,7002,(1102),사용자 환경 개선 프로그램용 사용자 로그오프 알림
정보,2017-03-09 오후 5:19:44,Microsoft-Windows-Kernel-Power,42,(64),"시스템이 절전 모드로 전환하는 중입니다.

절전 모드 전환 이유: 응용 프로그램 API"
정보,2017-03-09 오후 5:19:45,Microsoft-Windows-Kernel-Power,107,(102),시스템이 절전 모드에서 다시 시작되었습니다.
정보,2017-03-10 오전 9:03:50,Microsoft-Windows-Winlogon,7001,(1101),사용자 환경 개선 프로그램용 사용자 로그온 알림
정보,2017-03-10 오전 9:11:17,Microsoft-Windows-Winlogon,7002,(1102),사용자 환경 개선 프로그램용 사용자 로그오프 알림
정보,2017-03-10 오전 9:11:40,Microsoft-Windows-Winlogon,7001,(1101),사용자 환경 개선 프로그램용 사용자 로그온 알림
정보,2017-03-10 오전 9:44:10,Microsoft-Windows-Kernel-Power,506,(157),"시스템이 연결된 대기 상태에 들어갑니다. 

이유: 유휴 시간 제한."
정보,2017-03-10 오전 9:49:53,Microsoft-Windows-Kernel-Power,507,(158),"시스템이 연결된 대기 상태를 종료합니다. 

이유: 사용자 입력."
정보,2017-03-10 오전 11:14:24,Microsoft-Windows-Kernel-Power,506,(157),"시스템이 연결된 대기 상태에 들어갑니다. 

이유: 유휴 시간 제한."
정보,2017-03-10 오전 11:25:36,Microsoft-Windows-Kernel-Power,42,(64),"시스템이 절전 모드로 전환하는 중입니다.

절전 모드 전환 이유: 절전 모드 해제 없이 절전 모드에서 최대 절전 모드로 - 예비 배터리 잔량 도달"
정보,2017-03-10 오전 11:25:41,Microsoft-Windows-Kernel-Power,107,(102),시스템이 절전 모드에서 다시 시작되었습니다.
정보,2017-03-10 오전 11:44:12,Microsoft-Windows-Kernel-Power,507,(158),"시스템이 연결된 대기 상태를 종료합니다. 

이유: 최대 절전 모드에서 다시 시작."
정보,2017-03-10 오전 11:51:55,Microsoft-Windows-Kernel-Power,506,(157),"시스템이 연결된 대기 상태에 들어갑니다. 

이유: 유휴 시간 제한."
정보,2017-03-10 오후 12:03:06,Microsoft-Windows-Kernel-Power,42,(64),"시스템이 절전 모드로 전환하는 중입니다.

절전 모드 전환 이유: 절전 모드 해제 없이 절전 모드에서 최대 절전 모드로 - 예비 배터리 잔량 도달"
정보,2017-03-10 오후 12:03:11,Microsoft-Windows-Kernel-Power,107,(102),시스템이 절전 모드에서 다시 시작되었습니다.
정보,2017-03-10 오후 3:39:37,Microsoft-Windows-Kernel-Power,507,(158),"시스템이 연결된 대기 상태를 종료합니다. 

이유: 최대 절전 모드에서 다시 시작."
정보,2017-03-10 오후 3:42:48,Microsoft-Windows-Kernel-Power,42,(64),"시스템이 절전 모드로 전환하는 중입니다.

절전 모드 전환 이유: 단추 또는 덮개"
정보,2017-03-10 오후 3:42:49,Microsoft-Windows-Kernel-Power,107,(102),시스템이 절전 모드에서 다시 시작되었습니다.
정보,2017-03-10 오후 10:16:13,Microsoft-Windows-Winlogon,7002,(1102),사용자 환경 개선 프로그램용 사용자 로그오프 알림
정보,2017-03-10 오후 10:16:15,Microsoft-Windows-Kernel-Power,42,(64),"시스템이 절전 모드로 전환하는 중입니다.

절전 모드 전환 이유: 응용 프로그램 API"
정보,2017-03-10 오후 10:16:16,Microsoft-Windows-Kernel-Power,107,(102),시스템이 절전 모드에서 다시 시작되었습니다.
정보,2017-03-11 오후 10:21:31,Microsoft-Windows-Winlogon,7001,(1101),사용자 환경 개선 프로그램용 사용자 로그온 알림
정보,2017-03-11 오후 10:25:45,Microsoft-Windows-Winlogon,7001,(1101),사용자 환경 개선 프로그램용 사용자 로그온 알림
정보,2017-03-11 오후 11:04:06,Microsoft-Windows-Winlogon,7002,(1102),사용자 환경 개선 프로그램용 사용자 로그오프 알림
정보,2017-03-11 오후 11:16:17,Microsoft-Windows-Winlogon,7001,(1101),사용자 환경 개선 프로그램용 사용자 로그온 알림
정보,2017-03-11 오후 11:16:54,Microsoft-Windows-Winlogon,7002,(1102),사용자 환경 개선 프로그램용 사용자 로그오프 알림
정보,2017-03-11 오후 11:16:55,Microsoft-Windows-Kernel-Power,42,(64),"시스템이 절전 모드로 전환하는 중입니다.

절전 모드 전환 이유: 응용 프로그램 API"
정보,2017-03-11 오후 11:16:56,Microsoft-Windows-Kernel-Power,107,(102),시스템이 절전 모드에서 다시 시작되었습니다.
정보,2017-03-12 오전 10:39:07,Microsoft-Windows-Winlogon,7001,(1101),사용자 환경 개선 프로그램용 사용자 로그온 알림
정보,2017-03-12 오후 12:08:01,Microsoft-Windows-Winlogon,7002,(1102),사용자 환경 개선 프로그램용 사용자 로그오프 알림
정보,2017-03-12 오후 12:08:03,Microsoft-Windows-Kernel-Power,42,(64),"시스템이 절전 모드로 전환하는 중입니다.

절전 모드 전환 이유: 응용 프로그램 API"
정보,2017-03-12 오후 12:08:05,Microsoft-Windows-Kernel-Power,107,(102),시스템이 절전 모드에서 다시 시작되었습니다.
정보,2017-03-13 오전 9:42:41,Microsoft-Windows-Winlogon,7001,(1101),사용자 환경 개선 프로그램용 사용자 로그온 알림
정보,2017-03-13 오전 10:11:29,Microsoft-Windows-Kernel-Power,506,(157),"시스템이 연결된 대기 상태에 들어갑니다. 

이유: 유휴 시간 제한."
정보,2017-03-13 오전 10:36:36,Microsoft-Windows-Kernel-Power,507,(158),"시스템이 연결된 대기 상태를 종료합니다. 

이유: 전원 단추."
정보,2017-03-13 오후 11:35:38,Microsoft-Windows-Winlogon,7002,(1102),사용자 환경 개선 프로그램용 사용자 로그오프 알림
정보,2017-03-13 오후 11:35:40,Microsoft-Windows-Kernel-Power,42,(64),"시스템이 절전 모드로 전환하는 중입니다.

절전 모드 전환 이유: 응용 프로그램 API"
정보,2017-03-13 오후 11:35:41,Microsoft-Windows-Kernel-Power,107,(102),시스템이 절전 모드에서 다시 시작되었습니다.
정보,2017-03-13 오후 11:36:07,Microsoft-Windows-Winlogon,7001,(1101),사용자 환경 개선 프로그램용 사용자 로그온 알림
정보,2017-03-15 오전 1:12:12,Microsoft-Windows-Winlogon,7002,(1102),사용자 환경 개선 프로그램용 사용자 로그오프 알림
정보,2017-03-15 오전 1:12:14,Microsoft-Windows-Kernel-Power,42,(64),"시스템이 절전 모드로 전환하는 중입니다.

절전 모드 전환 이유: 응용 프로그램 API"
정보,2017-03-15 오전 1:12:16,Microsoft-Windows-Kernel-Power,107,(102),시스템이 절전 모드에서 다시 시작되었습니다.
정보,2017-03-15 오전 8:58:32,Microsoft-Windows-Winlogon,7001,(1101),사용자 환경 개선 프로그램용 사용자 로그온 알림
정보,2017-03-15 오후 5:10:27,Microsoft-Windows-Winlogon,7002,(1102),사용자 환경 개선 프로그램용 사용자 로그오프 알림
정보,2017-03-15 오후 5:10:29,Microsoft-Windows-Kernel-Power,42,(64),"시스템이 절전 모드로 전환하는 중입니다.

절전 모드 전환 이유: 응용 프로그램 API"
정보,2017-03-15 오후 5:10:30,Microsoft-Windows-Kernel-Power,107,(102),시스템이 절전 모드에서 다시 시작되었습니다.
정보,2017-03-15 오후 8:29:21,Microsoft-Windows-Winlogon,7001,(1101),사용자 환경 개선 프로그램용 사용자 로그온 알림
정보,2017-03-15 오후 8:36:43,Microsoft-Windows-Kernel-Power,506,(157),"시스템이 연결된 대기 상태에 들어갑니다. 

이유: 유휴 시간 제한."
정보,2017-03-15 오후 8:39:24,Microsoft-Windows-Kernel-Power,507,(158),"시스템이 연결된 대기 상태를 종료합니다. 

이유: 전원 단추."
정보,2017-03-15 오후 9:09:11,Microsoft-Windows-Kernel-Power,506,(157),"시스템이 연결된 대기 상태에 들어갑니다. 

이유: 유휴 시간 제한."
정보,2017-03-15 오후 9:35:34,Microsoft-Windows-Kernel-Power,42,(64),"시스템이 절전 모드로 전환하는 중입니다.

절전 모드 전환 이유: 절전 모드에서 최대 절전 모드로 - 고정된 시간 제한"
정보,2017-03-15 오후 9:35:38,Microsoft-Windows-Kernel-Power,107,(102),시스템이 절전 모드에서 다시 시작되었습니다.
정보,2017-03-15 오후 10:29:48,Microsoft-Windows-Kernel-Power,507,(158),"시스템이 연결된 대기 상태를 종료합니다. 

이유: 완전 해제."
정보,2017-03-16 오전 4:22:06,Microsoft-Windows-Kernel-Power,42,(64),"시스템이 절전 모드로 전환하는 중입니다.

절전 모드 전환 이유: 단추 또는 덮개"
정보,2017-03-16 오전 4:22:10,Microsoft-Windows-Kernel-Power,107,(102),시스템이 절전 모드에서 다시 시작되었습니다.
정보,2017-03-16 오후 5:31:44,Microsoft-Windows-Kernel-Power,506,(157),"시스템이 연결된 대기 상태에 들어갑니다. 

이유: 유휴 시간 제한."
정보,2017-03-16 오후 5:57:47,Microsoft-Windows-Kernel-Power,42,(64),"시스템이 절전 모드로 전환하는 중입니다.

절전 모드 전환 이유: 절전 모드에서 최대 절전 모드로 - 고정된 시간 제한"
정보,2017-03-16 오후 5:57:51,Microsoft-Windows-Kernel-Power,107,(102),시스템이 절전 모드에서 다시 시작되었습니다.
정보,2017-03-16 오후 6:53:34,Microsoft-Windows-Kernel-Power,507,(158),"시스템이 연결된 대기 상태를 종료합니다. 

이유: 최대 절전 모드에서 다시 시작."
정보,2017-03-16 오후 8:25:43,Microsoft-Windows-Winlogon,7002,(1102),사용자 환경 개선 프로그램용 사용자 로그오프 알림
정보,2017-03-16 오후 8:30:10,Microsoft-Windows-Winlogon,7001,(1101),사용자 환경 개선 프로그램용 사용자 로그온 알림
정보,2017-03-17 오전 3:26:02,Microsoft-Windows-Winlogon,7002,(1102),사용자 환경 개선 프로그램용 사용자 로그오프 알림
정보,2017-03-17 오전 3:26:04,Microsoft-Windows-Kernel-Power,42,(64),"시스템이 절전 모드로 전환하는 중입니다.

절전 모드 전환 이유: 응용 프로그램 API"
정보,2017-03-17 오전 3:26:05,Microsoft-Windows-Kernel-Power,107,(102),시스템이 절전 모드에서 다시 시작되었습니다.
정보,2017-03-17 오전 11:46:40,Microsoft-Windows-Winlogon,7001,(1101),사용자 환경 개선 프로그램용 사용자 로그온 알림
정보,2017-03-18 오전 3:55:49,Microsoft-Windows-Winlogon,7002,(1102),사용자 환경 개선 프로그램용 사용자 로그오프 알림
정보,2017-03-18 오전 3:55:53,Microsoft-Windows-Kernel-Power,42,(64),"시스템이 절전 모드로 전환하는 중입니다.

절전 모드 전환 이유: 응용 프로그램 API"
정보,2017-03-18 오전 3:55:54,Microsoft-Windows-Kernel-Power,107,(102),시스템이 절전 모드에서 다시 시작되었습니다.
정보,2017-03-18 오후 12:10:19,Microsoft-Windows-Winlogon,7001,(1101),사용자 환경 개선 프로그램용 사용자 로그온 알림
정보,2017-03-18 오후 12:51:17,Microsoft-Windows-Kernel-Power,506,(157),"시스템이 연결된 대기 상태에 들어갑니다. 

이유: 유휴 시간 제한."
정보,2017-03-18 오후 12:54:33,Microsoft-Windows-Kernel-Power,507,(158),"시스템이 연결된 대기 상태를 종료합니다. 

이유: 사용자 입력."
정보,2017-03-18 오후 2:57:12,Microsoft-Windows-Winlogon,7002,(1102),사용자 환경 개선 프로그램용 사용자 로그오프 알림
정보,2017-03-18 오후 2:57:14,Microsoft-Windows-Kernel-Power,42,(64),"시스템이 절전 모드로 전환하는 중입니다.

절전 모드 전환 이유: 응용 프로그램 API"
정보,2017-03-18 오후 2:57:15,Microsoft-Windows-Kernel-Power,107,(102),시스템이 절전 모드에서 다시 시작되었습니다.
정보,2017-03-18 오후 4:14:38,Microsoft-Windows-Winlogon,7001,(1101),사용자 환경 개선 프로그램용 사용자 로그온 알림
정보,2017-03-18 오후 5:56:23,Microsoft-Windows-Winlogon,7002,(1102),사용자 환경 개선 프로그램용 사용자 로그오프 알림
정보,2017-03-18 오후 5:56:24,Microsoft-Windows-Kernel-Power,42,(64),"시스템이 절전 모드로 전환하는 중입니다.

절전 모드 전환 이유: 응용 프로그램 API"
정보,2017-03-18 오후 5:56:26,Microsoft-Windows-Kernel-Power,107,(102),시스템이 절전 모드에서 다시 시작되었습니다.
정보,2017-03-18 오후 10:33:28,Microsoft-Windows-Winlogon,7001,(1101),사용자 환경 개선 프로그램용 사용자 로그온 알림
정보,2017-03-19 오전 2:16:54,Microsoft-Windows-Winlogon,7002,(1102),사용자 환경 개선 프로그램용 사용자 로그오프 알림
정보,2017-03-19 오전 2:16:55,Microsoft-Windows-Kernel-Power,42,(64),"시스템이 절전 모드로 전환하는 중입니다.

절전 모드 전환 이유: 응용 프로그램 API"
정보,2017-03-19 오전 2:16:56,Microsoft-Windows-Kernel-Power,107,(102),시스템이 절전 모드에서 다시 시작되었습니다.
정보,2017-03-19 오후 3:36:15,Microsoft-Windows-Winlogon,7001,(1101),사용자 환경 개선 프로그램용 사용자 로그온 알림
정보,2017-03-19 오후 4:10:39,Microsoft-Windows-Kernel-Power,42,(64),"시스템이 절전 모드로 전환하는 중입니다.

절전 모드 전환 이유: 단추 또는 덮개"
정보,2017-03-19 오후 4:10:41,Microsoft-Windows-Kernel-Power,107,(102),시스템이 절전 모드에서 다시 시작되었습니다.
정보,2017-03-19 오후 10:07:44,Microsoft-Windows-Kernel-Power,506,(157),"시스템이 연결된 대기 상태에 들어갑니다. 

이유: 유휴 시간 제한."
정보,2017-03-19 오후 10:15:09,Microsoft-Windows-Kernel-Power,507,(158),"시스템이 연결된 대기 상태를 종료합니다. 

이유: 전원 단추."
정보,2017-03-19 오후 10:15:39,Microsoft-Windows-Kernel-Power,506,(157),"시스템이 연결된 대기 상태에 들어갑니다. 

이유: 유휴 시간 제한."
정보,2017-03-19 오후 10:30:40,Microsoft-Windows-Kernel-Power,42,(64),"시스템이 절전 모드로 전환하는 중입니다.

절전 모드 전환 이유: 절전 모드에서 최대 절전 모드로 - 고정된 시간 제한"
정보,2017-03-19 오후 10:30:43,Microsoft-Windows-Kernel-Power,107,(102),시스템이 절전 모드에서 다시 시작되었습니다.
정보,2017-03-21 오전 12:01:27,Microsoft-Windows-Kernel-Power,507,(158),"시스템이 연결된 대기 상태를 종료합니다. 

이유: 완전 해제."
정보,2017-03-21 오전 12:49:44,Microsoft-Windows-Winlogon,7002,(1102),사용자 환경 개선 프로그램용 사용자 로그오프 알림
정보,2017-03-21 오전 12:49:45,Microsoft-Windows-Kernel-Power,42,(64),"시스템이 절전 모드로 전환하는 중입니다.

절전 모드 전환 이유: 응용 프로그램 API"
정보,2017-03-21 오전 12:49:47,Microsoft-Windows-Kernel-Power,107,(102),시스템이 절전 모드에서 다시 시작되었습니다.
정보,2017-03-21 오후 3:12:27,Microsoft-Windows-Winlogon,7001,(1101),사용자 환경 개선 프로그램용 사용자 로그온 알림
정보,2017-03-21 오후 3:21:30,Microsoft-Windows-Kernel-Power,42,(64),"시스템이 절전 모드로 전환하는 중입니다.

절전 모드 전환 이유: 단추 또는 덮개"
정보,2017-03-21 오후 3:21:33,Microsoft-Windows-Kernel-Power,107,(102),시스템이 절전 모드에서 다시 시작되었습니다.
정보,2017-03-21 오후 5:31:27,Microsoft-Windows-Kernel-Power,506,(157),"시스템이 연결된 대기 상태에 들어갑니다. 

이유: 유휴 시간 제한."
정보,2017-03-21 오후 5:45:41,Microsoft-Windows-Kernel-Power,507,(158),"시스템이 연결된 대기 상태를 종료합니다. 

이유: AC/DC 디스플레이 버스트."
정보,2017-03-21 오후 7:04:40,Microsoft-Windows-Kernel-Power,42,(64),"시스템이 절전 모드로 전환하는 중입니다.

절전 모드 전환 이유: 단추 또는 덮개"
정보,2017-03-21 오후 7:04:43,Microsoft-Windows-Kernel-Power,107,(102),시스템이 절전 모드에서 다시 시작되었습니다.
정보,2017-03-21 오후 11:35:39,Microsoft-Windows-Kernel-Power,506,(157),"시스템이 연결된 대기 상태에 들어갑니다. 

이유: 유휴 시간 제한."
정보,2017-03-21 오후 11:36:15,Microsoft-Windows-Kernel-Power,507,(158),"시스템이 연결된 대기 상태를 종료합니다. 

이유: 사용자 입력."
정보,2017-03-22 오전 12:05:45,Microsoft-Windows-Kernel-Power,42,(64),"시스템이 절전 모드로 전환하는 중입니다.

절전 모드 전환 이유: 단추 또는 덮개"
정보,2017-03-22 오전 12:05:49,Microsoft-Windows-Kernel-Power,107,(102),시스템이 절전 모드에서 다시 시작되었습니다.
정보,2017-03-22 오전 11:42:43,Microsoft-Windows-Kernel-Power,506,(157),"시스템이 연결된 대기 상태에 들어갑니다. 

이유: 유휴 시간 제한."
정보,2017-03-22 오전 11:42:47,Microsoft-Windows-Kernel-Power,507,(158),"시스템이 연결된 대기 상태를 종료합니다. 

이유: 사용자 입력."
정보,2017-03-22 오전 11:48:36,Microsoft-Windows-Kernel-Power,506,(157),"시스템이 연결된 대기 상태에 들어갑니다. 

이유: 유휴 시간 제한."
정보,2017-03-22 오전 11:50:03,Microsoft-Windows-Kernel-Power,507,(158),"시스템이 연결된 대기 상태를 종료합니다. 

이유: 사용자 입력."
정보,2017-03-22 오후 12:05:51,Microsoft-Windows-Kernel-Power,506,(157),"시스템이 연결된 대기 상태에 들어갑니다. 

이유: 유휴 시간 제한."
정보,2017-03-22 오후 12:07:19,Microsoft-Windows-Kernel-Power,507,(158),"시스템이 연결된 대기 상태를 종료합니다. 

이유: 전원 단추."
정보,2017-03-22 오후 12:18:02,Microsoft-Windows-Kernel-Power,506,(157),"시스템이 연결된 대기 상태에 들어갑니다. 

이유: 유휴 시간 제한."
정보,2017-03-22 오후 12:37:44,Microsoft-Windows-Kernel-Power,507,(158),"시스템이 연결된 대기 상태를 종료합니다. 

이유: 사용자 입력."
정보,2017-03-22 오후 12:52:25,Microsoft-Windows-Kernel-Power,506,(157),"시스템이 연결된 대기 상태에 들어갑니다. 

이유: 유휴 시간 제한."
정보,2017-03-22 오후 12:52:29,Microsoft-Windows-Kernel-Power,507,(158),"시스템이 연결된 대기 상태를 종료합니다. 

이유: 사용자 입력."
정보,2017-03-22 오후 1:07:39,Microsoft-Windows-Kernel-Power,42,(64),"시스템이 절전 모드로 전환하는 중입니다.

절전 모드 전환 이유: 단추 또는 덮개"
정보,2017-03-22 오후 1:07:42,Microsoft-Windows-Kernel-Power,107,(102),시스템이 절전 모드에서 다시 시작되었습니다.
정보,2017-03-22 오후 1:29:19,Microsoft-Windows-Kernel-Power,42,(64),"시스템이 절전 모드로 전환하는 중입니다.

절전 모드 전환 이유: 단추 또는 덮개"
정보,2017-03-22 오후 1:29:20,Microsoft-Windows-Kernel-Power,107,(102),시스템이 절전 모드에서 다시 시작되었습니다.
정보,2017-03-22 오후 7:39:44,Microsoft-Windows-Winlogon,7002,(1102),사용자 환경 개선 프로그램용 사용자 로그오프 알림
정보,2017-03-22 오후 7:39:45,Microsoft-Windows-Kernel-Power,42,(64),"시스템이 절전 모드로 전환하는 중입니다.

절전 모드 전환 이유: 응용 프로그램 API"
정보,2017-03-22 오후 7:39:46,Microsoft-Windows-Kernel-Power,107,(102),시스템이 절전 모드에서 다시 시작되었습니다.
정보,2017-03-22 오후 8:38:22,Microsoft-Windows-Winlogon,7001,(1101),사용자 환경 개선 프로그램용 사용자 로그온 알림
정보,2017-03-22 오후 11:31:24,Microsoft-Windows-Winlogon,7002,(1102),사용자 환경 개선 프로그램용 사용자 로그오프 알림
정보,2017-03-22 오후 11:31:25,Microsoft-Windows-Kernel-Power,42,(64),"시스템이 절전 모드로 전환하는 중입니다.

절전 모드 전환 이유: 응용 프로그램 API"
정보,2017-03-22 오후 11:31:26,Microsoft-Windows-Kernel-Power,107,(102),시스템이 절전 모드에서 다시 시작되었습니다.
정보,2017-03-22 오후 11:32:06,Microsoft-Windows-Winlogon,7001,(1101),사용자 환경 개선 프로그램용 사용자 로그온 알림
정보,2017-03-22 오후 11:38:42,Microsoft-Windows-Winlogon,7002,(1102),사용자 환경 개선 프로그램용 사용자 로그오프 알림
정보,2017-03-22 오후 11:38:46,Microsoft-Windows-Kernel-Power,42,(64),"시스템이 절전 모드로 전환하는 중입니다.

절전 모드 전환 이유: 응용 프로그램 API"
정보,2017-03-22 오후 11:38:47,Microsoft-Windows-Kernel-Power,107,(102),시스템이 절전 모드에서 다시 시작되었습니다.
정보,2017-03-22 오후 11:39:16,Microsoft-Windows-Winlogon,7001,(1101),사용자 환경 개선 프로그램용 사용자 로그온 알림
정보,2017-03-22 오후 11:58:20,Microsoft-Windows-Winlogon,7002,(1102),사용자 환경 개선 프로그램용 사용자 로그오프 알림
정보,2017-03-22 오후 11:58:47,Microsoft-Windows-Winlogon,7001,(1101),사용자 환경 개선 프로그램용 사용자 로그온 알림
정보,2017-03-23 오전 12:10:40,Microsoft-Windows-Winlogon,7002,(1102),사용자 환경 개선 프로그램용 사용자 로그오프 알림
정보,2017-03-23 오전 12:10:42,Microsoft-Windows-Kernel-Power,42,(64),"시스템이 절전 모드로 전환하는 중입니다.

절전 모드 전환 이유: 응용 프로그램 API"
정보,2017-03-23 오전 12:10:43,Microsoft-Windows-Kernel-Power,107,(102),시스템이 절전 모드에서 다시 시작되었습니다.
정보,2017-03-23 오전 12:11:18,Microsoft-Windows-Winlogon,7001,(1101),사용자 환경 개선 프로그램용 사용자 로그온 알림
정보,2017-03-23 오전 12:19:16,Microsoft-Windows-Winlogon,7002,(1102),사용자 환경 개선 프로그램용 사용자 로그오프 알림
정보,2017-03-23 오전 12:19:18,Microsoft-Windows-Kernel-Power,42,(64),"시스템이 절전 모드로 전환하는 중입니다.

절전 모드 전환 이유: 응용 프로그램 API"
정보,2017-03-23 오전 12:19:19,Microsoft-Windows-Kernel-Power,107,(102),시스템이 절전 모드에서 다시 시작되었습니다.
정보,2017-03-23 오전 12:19:47,Microsoft-Windows-Winlogon,7001,(1101),사용자 환경 개선 프로그램용 사용자 로그온 알림
정보,2017-03-23 오전 1:38:20,Microsoft-Windows-Winlogon,7002,(1102),사용자 환경 개선 프로그램용 사용자 로그오프 알림
정보,2017-03-23 오전 1:38:22,Microsoft-Windows-Kernel-Power,42,(64),"시스템이 절전 모드로 전환하는 중입니다.

절전 모드 전환 이유: 응용 프로그램 API"
정보,2017-03-23 오전 1:38:23,Microsoft-Windows-Kernel-Power,107,(102),시스템이 절전 모드에서 다시 시작되었습니다.
정보,2017-03-23 오후 2:06:36,Microsoft-Windows-Winlogon,7001,(1101),사용자 환경 개선 프로그램용 사용자 로그온 알림
정보,2017-03-23 오후 2:25:50,Microsoft-Windows-Winlogon,7002,(1102),사용자 환경 개선 프로그램용 사용자 로그오프 알림
정보,2017-03-23 오후 2:25:52,Microsoft-Windows-Kernel-Power,42,(64),"시스템이 절전 모드로 전환하는 중입니다.

절전 모드 전환 이유: 응용 프로그램 API"
정보,2017-03-23 오후 2:25:53,Microsoft-Windows-Kernel-Power,107,(102),시스템이 절전 모드에서 다시 시작되었습니다.
정보,2017-03-23 오후 4:35:26,Microsoft-Windows-Winlogon,7001,(1101),사용자 환경 개선 프로그램용 사용자 로그온 알림
정보,2017-03-23 오후 6:18:57,Microsoft-Windows-Kernel-Power,506,(157),"시스템이 연결된 대기 상태에 들어갑니다. 

이유: 유휴 시간 제한."
정보,2017-03-23 오후 6:30:09,Microsoft-Windows-Kernel-Power,42,(64),"시스템이 절전 모드로 전환하는 중입니다.

절전 모드 전환 이유: 절전 모드 해제 없이 절전 모드에서 최대 절전 모드로 - 예비 배터리 잔량 도달"
정보,2017-03-23 오후 6:30:13,Microsoft-Windows-Kernel-Power,107,(102),시스템이 절전 모드에서 다시 시작되었습니다.
정보,2017-03-23 오후 6:33:08,Microsoft-Windows-Kernel-Power,507,(158),"시스템이 연결된 대기 상태를 종료합니다. 

이유: 완전 해제."
정보,2017-03-23 오후 6:38:59,Microsoft-Windows-Kernel-Power,506,(157),"시스템이 연결된 대기 상태에 들어갑니다. 

이유: 유휴 시간 제한."
정보,2017-03-23 오후 6:39:05,Microsoft-Windows-Kernel-Power,507,(158),"시스템이 연결된 대기 상태를 종료합니다. 

이유: 사용자 입력."
정보,2017-03-23 오후 6:55:04,Microsoft-Windows-Kernel-Power,42,(64),"시스템이 절전 모드로 전환하는 중입니다.

절전 모드 전환 이유: 단추 또는 덮개"
정보,2017-03-23 오후 6:55:06,Microsoft-Windows-Kernel-Power,107,(102),시스템이 절전 모드에서 다시 시작되었습니다.
정보,2017-03-23 오후 11:12:49,Microsoft-Windows-Winlogon,7002,(1102),사용자 환경 개선 프로그램용 사용자 로그오프 알림
정보,2017-03-23 오후 11:12:52,Microsoft-Windows-Kernel-Power,42,(64),"시스템이 절전 모드로 전환하는 중입니다.

절전 모드 전환 이유: 응용 프로그램 API"
정보,2017-03-23 오후 11:12:53,Microsoft-Windows-Kernel-Power,107,(102),시스템이 절전 모드에서 다시 시작되었습니다.
정보,2017-03-24 오후 2:43:05,Microsoft-Windows-Winlogon,7001,(1101),사용자 환경 개선 프로그램용 사용자 로그온 알림
정보,2017-03-24 오후 3:01:11,Microsoft-Windows-Winlogon,7002,(1102),사용자 환경 개선 프로그램용 사용자 로그오프 알림
정보,2017-03-24 오후 3:01:13,Microsoft-Windows-Kernel-Power,42,(64),"시스템이 절전 모드로 전환하는 중입니다.

절전 모드 전환 이유: 응용 프로그램 API"
정보,2017-03-24 오후 3:01:14,Microsoft-Windows-Kernel-Power,107,(102),시스템이 절전 모드에서 다시 시작되었습니다.
정보,2017-03-24 오후 3:01:47,Microsoft-Windows-Winlogon,7001,(1101),사용자 환경 개선 프로그램용 사용자 로그온 알림
정보,2017-03-24 오후 4:16:00,Microsoft-Windows-Winlogon,7002,(1102),사용자 환경 개선 프로그램용 사용자 로그오프 알림
정보,2017-03-24 오후 4:16:02,Microsoft-Windows-Kernel-Power,42,(64),"시스템이 절전 모드로 전환하는 중입니다.

절전 모드 전환 이유: 응용 프로그램 API"
정보,2017-03-24 오후 4:16:03,Microsoft-Windows-Kernel-Power,107,(102),시스템이 절전 모드에서 다시 시작되었습니다.
정보,2017-03-24 오후 6:35:42,Microsoft-Windows-Winlogon,7001,(1101),사용자 환경 개선 프로그램용 사용자 로그온 알림
정보,2017-03-24 오후 7:53:47,Microsoft-Windows-Kernel-Power,506,(157),"시스템이 연결된 대기 상태에 들어갑니다. 

이유: 유휴 시간 제한."
정보,2017-03-24 오후 8:04:28,Microsoft-Windows-Kernel-Power,507,(158),"시스템이 연결된 대기 상태를 종료합니다. 

이유: 사용자 입력."
정보,2017-03-24 오후 10:04:44,Microsoft-Windows-Winlogon,7002,(1102),사용자 환경 개선 프로그램용 사용자 로그오프 알림
정보,2017-03-24 오후 10:04:45,Microsoft-Windows-Kernel-Power,42,(64),"시스템이 절전 모드로 전환하는 중입니다.

절전 모드 전환 이유: 응용 프로그램 API"
정보,2017-03-24 오후 10:04:47,Microsoft-Windows-Kernel-Power,107,(102),시스템이 절전 모드에서 다시 시작되었습니다.
정보,2017-03-24 오후 10:53:43,Microsoft-Windows-Winlogon,7001,(1101),사용자 환경 개선 프로그램용 사용자 로그온 알림
정보,2017-03-25 오전 1:34:57,Microsoft-Windows-Winlogon,7002,(1102),사용자 환경 개선 프로그램용 사용자 로그오프 알림
정보,2017-03-25 오전 1:34:59,Microsoft-Windows-Kernel-Power,42,(64),"시스템이 절전 모드로 전환하는 중입니다.

절전 모드 전환 이유: 응용 프로그램 API"
정보,2017-03-25 오전 1:34:59,Microsoft-Windows-Kernel-Power,107,(102),시스템이 절전 모드에서 다시 시작되었습니다.
정보,2017-03-25 오후 3:54:32,Microsoft-Windows-Winlogon,7001,(1101),사용자 환경 개선 프로그램용 사용자 로그온 알림
